M4921-22010,MOBIS,"HOUSING - STD, LH", $21.61 ,ENSAMBLE
R1569-40010,MOBIS,MOUNTING PLATE ASSY, $12.71 ,ENSAMBLE
86593-M7500,MOBIS,"MOLDING ASSY-FR BUMPER, LH (STD-EMBO)", $8.85 ,ENSAMBLE
86663-M7FA0,MOBIS,"COVER-RR FOG LAMP,LH (OPT-PAINT) BDmPE", $7.74 ,ENSAMBLE
86663-M7EA0,MOBIS,"COVER-RR FOG LAMP,LH (STD-EMBO) BDmPE", $6.95 ,ENSAMBLE
R1924-65710,MOBIS,DUMMY COVER CTR GARNISH (CAM) INY, $7.44 ,ENSAMBLE
84731-M7000WK,MOBIS,PNL-CRASH PAD CTR LWR (-SSB) WK, $45.14 ,ENSAMBLE
86588-M7500,MOBIS,CAP-FR BUMPER TOWING BDm PE, $0.28 ,ENSAMBLE
84512-M7000WK,MOBIS,COVER-GLOVE BOX WK, $18.43 ,ENSAMBLE
84851-BC000,MOBIS,COVER-CLUSTER LWR, $0.74 ,ENSAMBLE
84513-BC010,MOBIS,KNOB-GLOVE BOX, $1.71 ,ENSAMBLE
84746-BC000,MOBIS,"PNL CTR FACIA LWR INDI(O), W/DUMMY", $2.19 ,ENSAMBLE
84853-BC100,MOBIS,SHROUD-S/CLMN LWR(ESCL), $10.31 ,ENSAMBLE
BC924-63020,MOBIS,"HSG - RR COMBI STD O/S, LH", $18.86 ,ENSAMBLE
97351-BC000,MOBIS,"NOZZLE-DEFROSTER, FRT", $15.20 ,ENSAMBLE
84512-BC010,MOBIS,COVER-GLOVE BOX, $14.58 ,ENSAMBLE
BQM92-464300,MOBIS,FLANGE-CENTER LH, $1.48 ,ENSAMBLE
BC924-65000,MOBIS,"BRACKET ASSY - DESICCANT(CYLINDER, 10G)", $3.22 ,ENSAMBLE
84751-BC000,MOBIS,"PNL-CRASH PAD LWR, LH", $15.71 ,ENSAMBLE
84511-M7000WK,MOBIS,HOUSING-GLOVE BOX WK, $33.05 ,ENSAMBLE
84732-M7000WK,MOBIS,BEZEL-GLOVE BOX LH WK, $0.71 ,ENSAMBLE
BC924-63100,MOBIS,"HOUSING - RR COMBI O/S, LH", $18.35 ,ENSAMBLE
97351-BC000,MOBIS,"NOZZLE-DEFROSTER, FRT", $15.20 ,ENSAMBLE
84534-BC100,MOBIS,DOOR-PASSENGER AIR BAG, $40.41 ,ENSAMBLE
CW889-21110,MOBIS,"HOUSING COVER,LH", $11.94 ,ENSAMBLE
84512-BC010,MOBIS,COVER-GLOVE BOX, $14.58 ,ENSAMBLE
86663-M7EA0,MOBIS,"COVER-RR FOG LAMP,LH (STD-EMBO) BDmPE", $6.95 ,ENSAMBLE
DW889-21110,MOBIS,HOUSING COVER ASSY_LH  NQ5a, $15.85 ,ENSAMBLE
84731-M7000WK,MOBIS,PNL-CRASH PAD CTR LWR (-SSB) WK, $45.14 ,ENSAMBLE
R1569-40010,MOBIS,MOUNTING PLATE ASSY, $12.71 ,ENSAMBLE
BC921-22030,MOBIS,"BEZEL - UPR - STD, LH", $465.59 ,ENSAMBLE
86545-M7510,MOBIS,"PIECE-AIR DUCT NO.1, LH (OPT-Paint) BDm PE", $250.00 ,ENSAMBLE
84511-M7000WK,MOBIS,HOUSING-GLOVE BOX WK, $33.05 ,ENSAMBLE
84851-BC000,MOBIS,COVER-CLUSTER LWR, $0.74 ,ENSAMBLE
84512-M7000WK,MOBIS,COVER-GLOVE BOX WK, $18.43 ,ENSAMBLE
BC921-68010,MOBIS,"BRACKET - AIMING GUIDE - STD, LH", $2.16 ,ENSAMBLE
84512-M7000WK,MOBIS,COVER-GLOVE BOX WK, $18.43 ,ENSAMBLE
84511-BC010,MOBIS,HOUSING-GLOVE BOX, $30.59 ,ENSAMBLE
R1569-40010,MOBIS,MOUNTING PLATE ASSY, $12.70 ,ENSAMBLE
86595-M7510,MOBIS,"MOLDING-FR BUMPER, LH (OPT-Paint) BDm EP INY", $6.30 ,ENSAMBLE
BC848-51010,MOBIS,SHROUND- COLUMNA, $20.00 ,ENSAMBLE
R1924-65700,MOBIS,DUMMY COVER- CTR GARNISH (NO CAM) INY, $7.64 ,ENSAMBLE
BX924-63050,MOBIS,"HSG (OPT), O/S LH", $28.36 ,ENSAMBLE
84513-BC010,MOBIS,KNOB-GLOVE BOX, $1.71 ,ENSAMBLE
CW889-21110,MOBIS,"HOUSING COVER,LH", $11.94 ,ENSAMBLE
84534-BC100,MOBIS,DOOR-PASSENGER AIR BAG, $40.41 ,ENSAMBLE
BC924-63020,MOBIS,"HSG - RR COMBI STD O/S, LH", $18.86 ,ENSAMBLE
97351-BC000,MOBIS,"NOZZLE-DEFROSTER, FRT", $15.20 ,ENSAMBLE
86663-M7EA0,MOBIS,"COVER-RR FOG LAMP,LH (STD-EMBO) BDmPE", $6.95 ,ENSAMBLE
86529-M7800INY,MOBIS,MOULDING FR BUMPER L/PLATE (BDmPE)INY, $2.29 ,ENSAMBLE
84751-BC000,MOBIS,"PNL-CRASH PAD LWR, LH", $15.71 ,ENSAMBLE
84511-M7000WK,MOBIS,HOUSING-GLOVE BOX WK, $33.05 ,ENSAMBLE
84853-BC100,MOBIS,SHROUD-S/CLMN LWR(ESCL), $10.31 ,ENSAMBLE
84746-BC000,MOBIS,"PNL CTR FACIA LWR INDI(O), W/DUMMY", $2.19 ,ENSAMBLE
BC924-63020,MOBIS,"HSG - RR COMBI STD O/S, LH", $18.86 ,ENSAMBLE
84512-M7000WK,MOBIS,COVER-GLOVE BOX WK, $18.43 ,ENSAMBLE
84511-M7000WK,MOBIS,HOUSING-GLOVE BOX WK, $33.05 ,ENSAMBLE
84751-BC000,MOBIS,"PNL-CRASH PAD LWR, LH", $15.71 ,ENSAMBLE
86663-M7EA0,MOBIS,"COVER-RR FOG LAMP,LH (STD-EMBO) BDmPE", $6.95 ,ENSAMBLE
84731-M7000WK,MOBIS,PNL-CRASH PAD CTR LWR (-SSB) WK, $45.14 ,ENSAMBLE
86529-M7800INY,MOBIS,MOULDING FR BUMPER L/PLATE (BDmPE)INY, $2.29 ,ENSAMBLE
R1924-65710,MOBIS,DUMMY COVER CTR GARNISH (CAM) INY, $7.44 ,ENSAMBLE
BC848-51010,MOBIS,SHROUND- COLUMNA, $22.00 ,ENSAMBLE
86593-M7500,MOBIS,"MOLDING ASSY-FR BUMPER, LH (STD-EMBO)", $8.85 ,ENSAMBLE
97351-BC000,MOBIS,"NOZZLE-DEFROSTER, FRT", $15.20 ,ENSAMBLE
84511-BC020,MOBIS,ROD-GLOVE BOX LH, $1.56 ,ENSAMBLE
84511-BC020,MOBIS,ROD-GLOVE BOX LH, $1.56 ,ENSAMBLE
86545-M7510,MOBIS,"PIECE-AIR DUCT NO.1, LH (OPT-Paint) BDm PE", $35.00 ,ENSAMBLE
84781-BC100,MOBIS,PAD-ANTINOISE, $20.20 ,ENSAMBLE
84751-BC000,MOBIS,"PNL-CRASH PAD LWR, LH", $15.71 ,ENSAMBLE
BX921-63010,MOBIS,"HOUSING SUB ASSY-STD NON HLLD, LH", $58.05 ,ENSAMBLE
R1569-40010,MOBIS,MOUNTING PLATE ASSY, $12.70 ,ENSAMBLE
M4921-40030,MOBIS,BRKT - DUST COVER - DESIPAK[90], $0.64 ,ENSAMBLE
CW889-21110,MOBIS,"HOUSING COVER,LH", $12.00 ,ENSAMBLE
84534-BC100,MOBIS,DOOR-PASSENGER AIR BAG, $40.53 ,ENSAMBLE
BC924-63050,MOBIS,HOUSING - RR COMIB(STD) CTR, $32.74 ,ENSAMBLE
97351-BC000,MOBIS,"NOZZLE-DEFROSTER, FRT", $15.20 ,ENSAMBLE
86595-M7510,MOBIS,"MOLDING-FR BUMPER, LH (OPT-Paint) BDm EP INY", $6.30 ,ENSAMBLE
84512-M7000,MOBIS,COVER-GLOVE BOXINY, $17.76 ,ENSAMBLE
84511-BC010,MOBIS,HOUSING-GLOVE BOX, $30.59 ,ENSAMBLE
H9921-23120,MOBIS,"MTG BRKT-FEM, RH", $2.45 ,ENSAMBLE
97384-BC000,MOBIS,"NOZZLE-SIDE DEFROSTER, LH", $0.74 ,ENSAMBLE
97384-BC000,MOBIS,"NOZZLE-SIDE DEFROSTER, LH", $0.74 ,ENSAMBLE
84512-M7000WK,MOBIS,COVER-GLOVE BOX WK, $18.44 ,ENSAMBLE
BQM92-463300,MOBIS,"HOUSING, ALL VERSIONS", $63.24 ,ENSAMBLE
CW889-21110INY,MOBIS,HOUSING COVER INYECTADA_LH, $11.32 ,ENSAMBLE
BC924-63060,MOBIS,HOUSING - RR COMIB(STD) CTR, $32.47 ,ENSAMBLE
97351-BC000,MOBIS,"NOZZLE-DEFROSTER, FRT", $15.20 ,ENSAMBLE
86596-M7510,MOBIS,"MOLDING-FR BUMPER, RH (OPT-Paint)  BDm EP INY", $6.70 ,ENSAMBLE
84853-BC100,MOBIS,SHROUD-S/CLMN LWR(ESCL), $10.31 ,ENSAMBLE
84512-M7010WK,MOBIS,KNOB-GL/BOX WK, $1.55 ,ENSAMBLE
84732-M7000WK,MOBIS,BEZEL-GLOVE BOX LH WK, $0.71 ,ENSAMBLE
R1569-40010,MOBIS,MOUNTING PLATE ASSY, $12.70 ,ENSAMBLE
84751-BC000,MOBIS,"PNL-CRASH PAD LWR, LH", $15.71 ,ENSAMBLE
BX924-63050,MOBIS,"HSG (OPT), O/S LH", $28.35 ,ENSAMBLE
BC921-68410,MOBIS,"BRACKET - FENDER MTG, LH", $4.79 ,ENSAMBLE
84785-BC000WK,MOBIS,"COVER ASSY-CRASH PAD SD MTG, RH", $5.49 ,ENSAMBLE
84511-M7000WK,MOBIS,HOUSING-GLOVE BOX WK, $31.93 ,ENSAMBLE
86529-M7800INY,MOBIS,MOULDING FR BUMPER L/PLATE (BDmPE)INY, $2.29 ,ENSAMBLE
84511-BC020,MOBIS,ROD-GLOVE BOX LH, $1.56 ,ENSAMBLE
84534-BC100,MOBIS,DOOR-PASSENGER AIR BAG, $40.55 ,ENSAMBLE
86595-M7510,MOBIS,"MOLDING-FR BUMPER, LH (OPT-Paint) BDm EP INY", $6.30 ,ENSAMBLE
97351-BC000,MOBIS,"NOZZLE-DEFROSTER, FRT", $15.20 ,ENSAMBLE
BC924-63100,MOBIS,"HOUSING - RR COMBI O/S, LH", $18.35 ,ENSAMBLE
86593-M7500,MOBIS,"MOLDING ASSY-FR BUMPER, LH (STD-EMBO)", $8.85 ,ENSAMBLE
86663-M7EA0,MOBIS,"COVER-RR FOG LAMP,LH (STD-EMBO) BDmPE", $7.04 ,ENSAMBLE
84751-BC000,MOBIS,"PNL-CRASH PAD LWR, LH", $15.71 ,ENSAMBLE
84791-BC000,MOBIS,GARNISH-CRASH PAD, $30.91 ,ENSAMBLE
CW889-21110,MOBIS,"HOUSING COVER,LH", $12.00 ,ENSAMBLE
84731-M7000WK,MOBIS,PNL-CRASH PAD CTR LWR (-SSB) WK, $45.14 ,ENSAMBLE
BC848-51010,MOBIS,SHROUND- COLUMNA, $45.00 ,ENSAMBLE
BX924-63010,MOBIS,"HSG (STD),O/S LH", $27.25 ,ENSAMBLE
R1569-40010,MOBIS,MOUNTING PLATE ASSY, $12.70 ,ENSAMBLE
84534-BC100,MOBIS,DOOR-PASSENGER AIR BAG, $40.56 ,ENSAMBLE
BC924-63050,MOBIS,HOUSING - RR COMIB(STD) CTR, $32.74 ,ENSAMBLE
97351-BC000,MOBIS,"NOZZLE-DEFROSTER, FRT", $15.20 ,ENSAMBLE
84512-BC010,MOBIS,COVER-GLOVE BOX, $11.38 ,ENSAMBLE
86663-M7EA0,MOBIS,"COVER-RR FOG LAMP,LH (STD-EMBO) BDmPE", $7.04 ,ENSAMBLE
84746-BC000,MOBIS,"PNL CTR FACIA LWR INDI(O), W/DUMMY", $2.25 ,ENSAMBLE
R1924-65700,MOBIS,DUMMY COVER- CTR GARNISH (NO CAM) INY, $7.64 ,ENSAMBLE
BQM92-463100,MOBIS,HOUSING-O/S LH, $18.10 ,ENSAMBLE
86588-M7500,MOBIS,CAP-FR BUMPER TOWING BDm PE, $0.28 ,ENSAMBLE
84511-M7000WK,MOBIS,HOUSING-GLOVE BOX WK, $30.39 ,ENSAMBLE
84761-BC010,MOBIS,PNL-CRASH PAD LWR, $38.57 ,ENSAMBLE
CW889-21110,MOBIS,"HOUSING COVER,LH", $12.00 ,ENSAMBLE
97351-BC000,MOBIS,"NOZZLE-DEFROSTER, FRT", $15.20 ,ENSAMBLE
84512-BC010,MOBIS,COVER-GLOVE BOX, $11.38 ,ENSAMBLE
BC924-69000,MOBIS,"COVER - RR COMBI(STD, SWITCH) CTR", $0.90 ,ENSAMBLE
BC924-63050,MOBIS,HOUSING - RR COMIB(STD) CTR, $32.74 ,ENSAMBLE
84534-BC100,MOBIS,DOOR-PASSENGER AIR BAG, $40.56 ,ENSAMBLE
84515-J0000TRY,MOBIS,"BEZEL-GL/BOX, LH TRY", $0.66 ,ENSAMBLE
R1569-40010,MOBIS,MOUNTING PLATE ASSY, $12.69 ,ENSAMBLE
BC921-15030,MOBIS,"BUMPER GUIDE BRKT - SIDE, LH", $1.13 ,ENSAMBLE
84791-BC000,MOBIS,GARNISH-CRASH PAD, $30.91 ,ENSAMBLE
BC924-63050,MOBIS,HOUSING - RR COMIB(STD) CTR, $32.74 ,ENSAMBLE
97384-BC000,MOBIS,"NOZZLE-SIDE DEFROSTER, LH", $0.74 ,ENSAMBLE
84512-M7000WK,MOBIS,COVER-GLOVE BOX WK, $18.31 ,ENSAMBLE
BC921-22030,MOBIS,"BEZEL - UPR - STD, LH", $1.15 ,ENSAMBLE
84731-M7000WK,MOBIS,PNL-CRASH PAD CTR LWR (-SSB) WK, $33.36 ,ENSAMBLE
84534-H9020,MOBIS,DR AIR BAG White USA, $61.78 ,ENSAMBLE
84512-M7000WK,MOBIS,COVER-GLOVE BOX WK, $18.31 ,ENSAMBLE
84512-M7010WK,MOBIS,KNOB-GL/BOX WK, $1.55 ,ENSAMBLE
BX921-15010,MOBIS,"BUMPER GUIDE BRKT, LH", $1.82 ,ENSAMBLE
DW889-21110,MOBIS,HOUSING COVER ASSY_LH  NQ5a, $15.88 ,ENSAMBLE
86588-M7500,MOBIS,CAP-FR BUMPER TOWING BDm PE, $0.28 ,ENSAMBLE
BC921-68450,MOBIS,"BRACKET - LWR MTG, LH", $3.09 ,ENSAMBLE
R1569-40010,MOBIS,MOUNTING PLATE ASSY, $12.69 ,ENSAMBLE
84732-M7000WK,MOBIS,BEZEL-GLOVE BOX LH WK, $0.71 ,ENSAMBLE
M4924-03230,MOBIS,"HSG  - I/S, LH", $11.38 ,ENSAMBLE
R1569-40010,MOBIS,MOUNTING PLATE ASSY, $12.69 ,ENSAMBLE
DW889-21110,MOBIS,HOUSING COVER ASSY_LH  NQ5a, $15.88 ,ENSAMBLE
BC921-68410,MOBIS,"BRACKET - FENDER MTG, LH", $4.79 ,ENSAMBLE
84731-M7000WK,MOBIS,PNL-CRASH PAD CTR LWR (-SSB) WK, $33.36 ,ENSAMBLE
BX921-15010,MOBIS,"BUMPER GUIDE BRKT, LH", $1.82 ,ENSAMBLE
84512-M7000WK,MOBIS,COVER-GLOVE BOX WK, $18.31 ,ENSAMBLE
84511-M7000WK,MOBIS,HOUSING-GLOVE BOX WK, $30.39 ,ENSAMBLE
010956-02/00,MOBIS,Cushion PL Cover LH 4W Seat RH, $15.83 ,ENSAMBLE
86595-M7510,MOBIS,"MOLDING-FR BUMPER, LH (OPT-Paint) BDm EP INY", $6.30 ,ENSAMBLE
97351-BC000,MOBIS,"NOZZLE-DEFROSTER, FRT", $15.20 ,ENSAMBLE
BC924-63050,MOBIS,HOUSING - RR COMIB(STD) CTR, $32.74 ,ENSAMBLE
84732-M7000WK,MOBIS,BEZEL-GLOVE BOX LH WK, $0.71 ,ENSAMBLE
CW889-21110,MOBIS,"HOUSING COVER,LH", $12.00 ,ENSAMBLE
84534-BC100,MOBIS,DOOR-PASSENGER AIR BAG, $40.56 ,ENSAMBLE
86663-M7EA0,MOBIS,"COVER-RR FOG LAMP,LH (STD-EMBO) BDmPE", $7.04 ,ENSAMBLE
86588-M7500,MOBIS,CAP-FR BUMPER TOWING BDm PE, $0.28 ,ENSAMBLE
BC921-22030,MOBIS,"BEZEL - UPR - STD, LH", $1.15 ,ENSAMBLE
84512-M7000WK,MOBIS,COVER-GLOVE BOX WK, $18.31 ,ENSAMBLE
R1569-40010,MOBIS,MOUNTING PLATE ASSY, $12.69 ,ENSAMBLE
DW889-21110,MOBIS,HOUSING COVER ASSY_LH  NQ5a, $15.88 ,ENSAMBLE
BC921-68410,MOBIS,"BRACKET - FENDER MTG, LH", $4.79 ,ENSAMBLE
BC924-64000,MOBIS,"FLANGE - RR COMBI O/S, LH", $4.93 ,ENSAMBLE
84731-M7000WK,MOBIS,PNL-CRASH PAD CTR LWR (-SSB) WK, $33.36 ,ENSAMBLE
BC921-62010,MOBIS,"HOUSING - STD, LH", $29.68 ,ENSAMBLE
84732-M7000WK,MOBIS,BEZEL-GLOVE BOX LH WK, $0.71 ,ENSAMBLE
CW889-21110,MOBIS,"HOUSING COVER,LH", $12.00 ,ENSAMBLE
4157608C2,MOBIS,"PANEL, LEVEL DIAMOND LH BOLSTER ASSY, LH NAV8962N LH DK NEUTRAL (Hyundai-EP color: 7447)", $75.52 ,ENSAMBLE
BC924-63050,MOBIS,HOUSING - RR COMIB(STD) CTR, $32.74 ,ENSAMBLE
97351-BC000,MOBIS,"NOZZLE-DEFROSTER, FRT", $15.20 ,ENSAMBLE
84512-BC010,MOBIS,COVER-GLOVE BOX, $11.38 ,ENSAMBLE
BC921-62030,MOBIS,"HOUSING - OPT, LH", $30.52 ,ENSAMBLE
BC921-15030,MOBIS,"BUMPER GUIDE BRKT - SIDE, LH", $1.13 ,ENSAMBLE
BC924-88000,MOBIS,"GARNISH - RR COMBI(STD) CTR, LH", $2.81 ,ENSAMBLE
86588-M7500,MOBIS,CAP-FR BUMPER TOWING BDm PE, $0.28 ,ENSAMBLE
84511-M7000WK,MOBIS,HOUSING-GLOVE BOX WK, $30.39 ,ENSAMBLE
84511-M7000WK,MOBIS,HOUSING-GLOVE BOX WK, $30.39 ,ENSAMBLE
BC921-62030,MOBIS,"HOUSING - OPT, LH", $30.52 ,ENSAMBLE
86663-M7EA0,MOBIS,"COVER-RR FOG LAMP,LH (STD-EMBO) BDmPE", $7.04 ,ENSAMBLE
BX921-15010,MOBIS,"BUMPER GUIDE BRKT, LH", $1.82 ,ENSAMBLE
84751-BC000,MOBIS,"PNL-CRASH PAD LWR, LH", $12.15 ,ENSAMBLE
86663-M7FA0,MOBIS,"COVER-RR FOG LAMP,LH (OPT-PAINT) BDmPE", $7.74 ,ENSAMBLE
84512-M7010WK,MOBIS,KNOB-GL/BOX WK, $1.55 ,ENSAMBLE
CW889-21110,MOBIS,"HOUSING COVER,LH", $12.00 ,ENSAMBLE
BX921-64030,MOBIS,"HOUSING-STD HLLD, LH", $28.52 ,ENSAMBLE
84761-BC010,MOBIS,PNL-CRASH PAD LWR, $38.57 ,ENSAMBLE
R1569-40010,MOBIS,MOUNTING PLATE ASSY, $12.69 ,ENSAMBLE
BC924-88000,MOBIS,"GARNISH - RR COMBI(STD) CTR, LH", $2.81 ,ENSAMBLE
84731-M7100WK,MOBIS,PNL-CRASH PAD CTR LWR (+SSB) WK, $42.42 ,ENSAMBLE
97351-BC000,MOBIS,"NOZZLE-DEFROSTER, FRT", $15.20 ,ENSAMBLE
86545-M7510,MOBIS,"PIECE-AIR DUCT NO.1, LH (OPT-Paint) BDm PE", $25.22 ,ENSAMBLE
BC924-65000,MOBIS,"BRACKET ASSY - DESICCANT(CYLINDER, 10G)", $3.21 ,ENSAMBLE
86545-M7510,MOBIS,"PIECE-AIR DUCT NO.1, LH (OPT-Paint) BDm PE", $13.20 ,ENSAMBLE
84761-BC010,MOBIS,PNL-CRASH PAD LWR, $38.57 ,ENSAMBLE
R1569-40010,MOBIS,MOUNTING PLATE ASSY, $12.69 ,ENSAMBLE
DW889-21110,MOBIS,HOUSING COVER ASSY_LH  NQ5a, $15.88 ,ENSAMBLE
84731-M7100WK,MOBIS,PNL-CRASH PAD CTR LWR (+SSB) WK, $42.42 ,ENSAMBLE
86588-M7500,MOBIS,CAP-FR BUMPER TOWING BDm PE, $0.28 ,ENSAMBLE
010955-02/00,MOBIS,Cushion PL Cover RH 4W Seat LH, $16.48 ,ENSAMBLE
BX921-15010,MOBIS,"BUMPER GUIDE BRKT, LH", $1.82 ,ENSAMBLE
86663-M7EA0,MOBIS,"COVER-RR FOG LAMP,LH (STD-EMBO) BDmPE", $7.04 ,ENSAMBLE
84791-BC000,MOBIS,GARNISH-CRASH PAD, $30.91 ,ENSAMBLE
84534-BC100,MOBIS,DOOR-PASSENGER AIR BAG, $40.56 ,ENSAMBLE
BC924-63100,MOBIS,"HOUSING - RR COMBI O/S, LH", $18.35 ,ENSAMBLE
BC921-62010,MOBIS,"HOUSING - STD, LH", $29.68 ,ENSAMBLE
BX921-64030,MOBIS,"HOUSING-STD HLLD, LH", $28.52 ,ENSAMBLE
84732-M7000WK,MOBIS,BEZEL-GLOVE BOX LH WK, $0.71 ,ENSAMBLE
CW889-21110,MOBIS,"HOUSING COVER,LH", $12.00 ,ENSAMBLE
86663-M7FA0,MOBIS,"COVER-RR FOG LAMP,LH (OPT-PAINT) BDmPE", $7.74 ,ENSAMBLE
DW889-21110,MOBIS,HOUSING COVER ASSY_LH  NQ5a, $15.88 ,ENSAMBLE
BC924-88000,MOBIS,"GARNISH - RR COMBI(STD) CTR, LH", $2.81 ,ENSAMBLE
84716-BC000,MOBIS,"BRKT-CRASH PAD SUPT, LH", $1.34 ,ENSAMBLE
R1569-40010,MOBIS,MOUNTING PLATE ASSY, $12.69 ,ENSAMBLE
BC921-62030,MOBIS,"HOUSING - OPT, LH", $30.52 ,ENSAMBLE
CW889-21110,MOBIS,"HOUSING COVER,LH", $12.12 ,ENSAMBLE
BC848-51010,MOBIS,SHROUND- COLUMNA, $64.00 ,ENSAMBLE
BC924-65000,MOBIS,"BRACKET ASSY - DESICCANT(CYLINDER, 10G)", $3.21 ,ENSAMBLE
86663-M7EA0,MOBIS,"COVER-RR FOG LAMP,LH (STD-EMBO) BDmPE", $7.50 ,ENSAMBLE
84534-BC100,MOBIS,DOOR-PASSENGER AIR BAG, $40.58 ,ENSAMBLE
BC924-63060,MOBIS,HOUSING - RR COMIB(STD) CTR, $32.25 ,ENSAMBLE
84512-M7010WK,MOBIS,KNOB-GL/BOX WK, $1.55 ,ENSAMBLE
84512-M7000WK,MOBIS,COVER-GLOVE BOX WK, $18.31 ,ENSAMBLE
010955-02/00,MOBIS,Cushion PL Cover RH 4W Seat LH, $16.23 ,ENSAMBLE
BX921-15010,MOBIS,"BUMPER GUIDE BRKT, LH", $1.82 ,ENSAMBLE
84751-BC000,MOBIS,"PNL-CRASH PAD LWR, LH", $12.14 ,ENSAMBLE
97351-BC000,MOBIS,"NOZZLE-DEFROSTER, FRT", $15.20 ,ENSAMBLE
86663-M7FA0,MOBIS,"COVER-RR FOG LAMP,LH (OPT-PAINT) BDmPE", $7.74 ,ENSAMBLE
BX921-64030,MOBIS,"HOUSING-STD HLLD, LH", $28.50 ,ENSAMBLE
BC924-63050,MOBIS,HOUSING - RR COMIB(STD) CTR, $32.51 ,ENSAMBLE
BC924-63050,MOBIS,HOUSING - RR COMIB(STD) CTR, $32.51 ,ENSAMBLE
84751-BC000,MOBIS,"PNL-CRASH PAD LWR, LH", $12.14 ,ENSAMBLE
97351-BC000,MOBIS,"NOZZLE-DEFROSTER, FRT", $15.20 ,ENSAMBLE
BC921-68450,MOBIS,"BRACKET - LWR MTG, LH", $3.09 ,ENSAMBLE
BC924-64000,MOBIS,"FLANGE - RR COMBI O/S, LH", $4.93 ,ENSAMBLE
BC921-62030,MOBIS,"HOUSING - OPT, LH", $30.52 ,ENSAMBLE
BX921-64030,MOBIS,"HOUSING-STD HLLD, LH", $28.50 ,ENSAMBLE
BC924-65000,MOBIS,"BRACKET ASSY - DESICCANT(CYLINDER, 10G)", $3.21 ,ENSAMBLE
84512-M7000WK,MOBIS,COVER-GLOVE BOX WK, $18.31 ,ENSAMBLE
84761-BC020,MOBIS,BEZEL-G/BOX LH, $0.58 ,ENSAMBLE
BX924-63010,MOBIS,"HSG (STD),O/S LH", $27.25 ,ENSAMBLE
84511-M7000WK,MOBIS,HOUSING-GLOVE BOX WK, $31.03 ,ENSAMBLE
CW889-21110,MOBIS,"HOUSING COVER,LH", $12.12 ,ENSAMBLE
84534-BC100,MOBIS,DOOR-PASSENGER AIR BAG, $40.58 ,ENSAMBLE
R1569-40010,MOBIS,MOUNTING PLATE ASSY, $12.69 ,ENSAMBLE
BC924-63050,MOBIS,HOUSING - RR COMIB(STD) CTR, $32.51 ,ENSAMBLE
84761-BC030,MOBIS,BEZEL-G/BOX RH, $0.61 ,ENSAMBLE
84534-BC100,MOBIS,DOOR-PASSENGER AIR BAG, $40.58 ,ENSAMBLE
84751-BC000,MOBIS,"PNL-CRASH PAD LWR, LH", $12.14 ,ENSAMBLE
BX924-63010,MOBIS,"HSG (STD),O/S LH", $27.25 ,ENSAMBLE
CW889-21110,MOBIS,"HOUSING COVER,LH", $12.12 ,ENSAMBLE
97351-BC000,MOBIS,"NOZZLE-DEFROSTER, FRT", $15.20 ,ENSAMBLE
BC921-68450,MOBIS,"BRACKET - LWR MTG, LH", $3.09 ,ENSAMBLE
BC848-51010,MOBIS,SHROUND- COLUMNA, $100.15 ,ENSAMBLE
R1569-40010,MOBIS,MOUNTING PLATE ASSY, $12.69 ,ENSAMBLE
BC924-88000,MOBIS,"GARNISH - RR COMBI(STD) CTR, LH", $2.81 ,ENSAMBLE
84511-M7000WK,MOBIS,HOUSING-GLOVE BOX WK, $31.03 ,ENSAMBLE
BC921-62030,MOBIS,"HOUSING - OPT, LH", $30.52 ,ENSAMBLE
84512-M7000WK,MOBIS,COVER-GLOVE BOX WK, $18.31 ,ENSAMBLE
BC924-63050,MOBIS,HOUSING - RR COMIB(STD) CTR, $32.51 ,ENSAMBLE
BX921-64030,MOBIS,"HOUSING-STD HLLD, LH", $28.50 ,ENSAMBLE
BC924-65000,MOBIS,"BRACKET ASSY - DESICCANT(CYLINDER, 10G)", $3.21 ,ENSAMBLE
84716-BC000,MOBIS,"BRKT-CRASH PAD SUPT, LH", $1.34 ,ENSAMBLE
BC921-62030,MOBIS,"HOUSING - OPT, LH", $30.52 ,ENSAMBLE
84751-BC000,MOBIS,"PNL-CRASH PAD LWR, LH", $12.14 ,ENSAMBLE
97384-BC000,MOBIS,"NOZZLE-SIDE DEFROSTER, LH", $0.74 ,ENSAMBLE
84534-BC100,MOBIS,DOOR-PASSENGER AIR BAG, $40.58 ,ENSAMBLE
84731-M7100WK,MOBIS,PNL-CRASH PAD CTR LWR (+SSB) WK, $42.45 ,ENSAMBLE
84511-BC020,MOBIS,ROD-GLOVE BOX LH, $1.56 ,ENSAMBLE
86545-M7510,MOBIS,"PIECE-AIR DUCT NO.1, LH (OPT-Paint) BDm PE", $14.20 ,ENSAMBLE
84761-BC010,MOBIS,PNL-CRASH PAD LWR, $38.57 ,ENSAMBLE
R1569-40010,MOBIS,MOUNTING PLATE ASSY, $12.69 ,ENSAMBLE
BC924-64020,MOBIS,"FLANGE - RR COMBI O/S, LH", $5.15 ,ENSAMBLE
BC921-15030,MOBIS,"BUMPER GUIDE BRKT - SIDE, LH", $1.13 ,ENSAMBLE
86595-M7510,MOBIS,"MOLDING-FR BUMPER, LH (OPT-Paint) BDm EP INY", $6.30 ,ENSAMBLE
BC924-63020,MOBIS,"HSG - RR COMBI STD O/S, LH", $18.51 ,ENSAMBLE
CW889-21110,MOBIS,"HOUSING COVER,LH", $12.12 ,ENSAMBLE
BC924-69000,MOBIS,"COVER - RR COMBI(STD, SWITCH) CTR", $0.90 ,ENSAMBLE
BX921-64030,MOBIS,"HOUSING-STD HLLD, LH", $28.50 ,ENSAMBLE
97351-BC000,MOBIS,"NOZZLE-DEFROSTER, FRT", $15.20 ,ENSAMBLE
84791-BC000,MOBIS,GARNISH-CRASH PAD, $30.91 ,ENSAMBLE
86682-M7EA0,MOBIS,HOLDER-RR ULTRASONIC NO.2 BDm PE, $0.29 ,ENSAMBLE
86593-M7500,MOBIS,"MOLDING ASSY-FR BUMPER, LH (STD-EMBO)", $8.85 ,ENSAMBLE
86681-M7EA0,MOBIS,HOLDER-RR ULTRASONIC NO.1 BDm PE, $0.30 ,ENSAMBLE
BC924-64000,MOBIS,"FLANGE - RR COMBI O/S, LH", $4.93 ,ENSAMBLE
