BC921-62010,MOBIS,"HOUSING - STD, LH",$28.52, INYECCIÓN
84731-M7100WK,MOBIS,PNL-CRASH PAD CTR LWR (+SSB) WK,$43.83, INYECCIÓN
BX924-63050,MOBIS,"HSG (OPT), O/S LH",$28.36, INYECCIÓN
84511-BC020,MOBIS,ROD-GLOVE BOX LH,$1.58, INYECCIÓN
CW889-21110,MOBIS,"HOUSING COVER,LH",$11.61, INYECCIÓN
86593-M7500,MOBIS,"MOLDING ASSY-FR BUMPER, LH (STD-EMBO)",$8.96, INYECCIÓN
BC924-63100,MOBIS,"HOUSING - RR COMBI O/S, LH",$18.35, INYECCIÓN
84511-M7020,MOBIS,"ROD-GLOVE BOX, RH",$1.28, INYECCIÓN
BC924-88000,MOBIS,"GARNISH - RR COMBI(STD) CTR, LH",$2.81, INYECCIÓN
84761-BC060,MOBIS,REINF BRKT,$1.79, INYECCIÓN
010955-02/00,MOBIS,Cushion PL Cover RH 4W Seat LH,$16.16, INYECCIÓN
M4921-40030,MOBIS,BRKT - DUST COVER - DESIPAK[90],$0.47, INYECCIÓN
DW889-21110,MOBIS,HOUSING COVER ASSY_LH  NQ5a,$15.29, INYECCIÓN
6126377C1,NAVISTAR,"HANDLE, GRAB, BASE, LH  NAV0004M BLACK",$15.40, INYECCIÓN
84751-BC000,MOBIS,"PNL-CRASH PAD LWR, LH",$15.71, INYECCIÓN
BC921-15030,MOBIS,"BUMPER GUIDE BRKT - SIDE, LH",$1.13, INYECCIÓN
84512-M7000WK,MOBIS,COVER-GLOVE BOX WK,$18.09, INYECCIÓN
1ZU15TRMAB,DUCATO,COVER LT FRONT SEAT RT,$18.62, INYECCIÓN
BX921-64030,MOBIS,"HOUSING-STD HLLD, LH",$28.39, INYECCIÓN
84791-BC000,MOBIS,GARNISH-CRASH PAD,$31.01, INYECCIÓN
R1569-40010,MOBIS,MOUNTING PLATE ASSY,$12.80, INYECCIÓN
DW889-21110,MOBIS,HOUSING COVER ASSY_LH  NQ5a,$15.29, INYECCIÓN
BC924-64000,MOBIS,"FLANGE - RR COMBI O/S, LH",$5.01, INYECCIÓN
86663-M7FA0,MOBIS,"COVER-RR FOG LAMP,LH (OPT-PAINT) BDmPE",$7.74, INYECCIÓN
R1924-65710,MOBIS,DUMMY COVER CTR GARNISH (CAM) INY,$7.74, INYECCIÓN
84512-M7000WK,MOBIS,COVER-GLOVE BOX WK,$18.09, INYECCIÓN
BC924-65000,MOBIS,"BRACKET ASSY - DESICCANT(CYLINDER, 10G)",$3.22, INYECCIÓN
84512-M7010WK,MOBIS,KNOB-GL/BOX WK,$1.56, INYECCIÓN
CW889-21110,MOBIS,"HOUSING COVER,LH",$11.61, INYECCIÓN
84512-BC010,MOBIS,COVER-GLOVE BOX,$14.58, INYECCIÓN
BC924-63050,MOBIS,HOUSING - RR COMIB(STD) CTR,$33.01, INYECCIÓN
BC921-62030,MOBIS,"HOUSING - OPT, LH",$29.71, INYECCIÓN
BX924-63050,MOBIS,"HSG (OPT), O/S LH",$28.36, INYECCIÓN
BC924-69000,MOBIS,"COVER - RR COMBI(STD, SWITCH) CTR",$0.90, INYECCIÓN
BC924-88000,MOBIS,"GARNISH - RR COMBI(STD) CTR, LH",$2.81, INYECCIÓN
86529-M7800INY,MOBIS,MOULDING FR BUMPER L/PLATE (BDmPE)INY,$2.26, INYECCIÓN
1ZU07TRMAA,DUCATO,Shield Frt Seat RT,$33.33, INYECCIÓN
BC921-62010,MOBIS,"HOUSING - STD, LH",$28.52, INYECCIÓN
84761-BC010,MOBIS,PNL-CRASH PAD LWR,$49.55, INYECCIÓN
86595-M7510,MOBIS,"MOLDING-FR BUMPER, LH (OPT-Paint) BDm EP INY",$6.30, INYECCIÓN
6126377C1,NAVISTAR,"HANDLE, GRAB, BASE, LH  NAV0004M BLACK",$15.40, INYECCIÓN
84511-M7000WK,MOBIS,HOUSING-GLOVE BOX WK,$32.76, INYECCIÓN
97351-BC000,MOBIS,"NOZZLE-DEFROSTER, FRT",$15.19, INYECCIÓN
84511-BC010,MOBIS,HOUSING-GLOVE BOX,$30.59, INYECCIÓN
BC924-63100,MOBIS,"HOUSING - RR COMBI O/S, LH",$18.35, INYECCIÓN
BC921-62030,MOBIS,"HOUSING - OPT, LH",$29.71, INYECCIÓN
BX924-63050,MOBIS,"HSG (OPT), O/S LH",$28.36, INYECCIÓN
84731-M7000WK,MOBIS,PNL-CRASH PAD CTR LWR (-SSB) WK,$42.89, INYECCIÓN
84851-BC000,MOBIS,COVER-CLUSTER LWR,$0.72, INYECCIÓN
84512-M7000WK,MOBIS,COVER-GLOVE BOX WK,$18.09, INYECCIÓN
86588-M7500,MOBIS,CAP-FR BUMPER TOWING BDm PE,$0.28, INYECCIÓN
R1569-40010,MOBIS,MOUNTING PLATE ASSY,$12.80, INYECCIÓN
84749-BC000,MOBIS,PNL-CTR FACIA UPR,$14.58, INYECCIÓN
84749-BC000,MOBIS,PNL-CTR FACIA UPR,$14.58, INYECCIÓN
84732-M7000WK,MOBIS,BEZEL-GLOVE BOX LH WK,$0.71, INYECCIÓN
86663-M7EA0,MOBIS,"COVER-RR FOG LAMP,LH (STD-EMBO) BDmPE",$6.94, INYECCIÓN
86529-M7800INY,MOBIS,MOULDING FR BUMPER L/PLATE (BDmPE)INY,$2.26, INYECCIÓN
84534-BC100,MOBIS,DOOR-PASSENGER AIR BAG,$39.97, INYECCIÓN
84512-M7010WK,MOBIS,KNOB-GL/BOX WK,$1.56, INYECCIÓN
86545-M7510,MOBIS,"PIECE-AIR DUCT NO.1, LH (OPT-Paint) BDm PE", $-   , INYECCIÓN
1ZU47TRMAA,DUCATO,Cover Assy Front Seat - LT,$2.81, INYECCIÓN
86593-M7500,MOBIS,"MOLDING ASSY-FR BUMPER, LH (STD-EMBO)",$8.96, INYECCIÓN
84746-BC000,MOBIS,"PNL CTR FACIA LWR INDI(O), W/DUMMY",$2.19, INYECCIÓN
6126377C1,NAVISTAR,"HANDLE, GRAB, BASE, LH  NAV0004M BLACK",$15.40, INYECCIÓN
97384-BC000,MOBIS,"NOZZLE-SIDE DEFROSTER, LH",$0.74, INYECCIÓN
BC921-15010,MOBIS,"BUMPER GUIDE BRKT - FRT, LH",$2.55, INYECCIÓN
86588-M7500,MOBIS,CAP-FR BUMPER TOWING BDm PE,$0.27, INYECCIÓN
84731-M7000WK,MOBIS,PNL-CRASH PAD CTR LWR (-SSB) WK,$42.89, INYECCIÓN
M4921-40030,MOBIS,BRKT - DUST COVER - DESIPAK[90],$0.47, INYECCIÓN
84534-BC100,MOBIS,DOOR-PASSENGER AIR BAG,$39.70, INYECCIÓN
BQM92-463100,MOBIS,HOUSING-O/S LH,$18.10, INYECCIÓN
BC921-62010,MOBIS,"HOUSING - STD, LH",$28.52, INYECCIÓN
86595-M7510,MOBIS,"MOLDING-FR BUMPER, LH (OPT-Paint) BDm EP INY",$6.30, INYECCIÓN
1ZU39TRMAA,DUCATO,BRACKET C0NNECTOR,$4.45, INYECCIÓN
86663-M7EA0,MOBIS,"COVER-RR FOG LAMP,LH (STD-EMBO) BDmPE",$7.17, INYECCIÓN
86529-M7800INY,MOBIS,MOULDING FR BUMPER L/PLATE (BDmPE)INY,$2.26, INYECCIÓN
97351-BC000,MOBIS,"NOZZLE-DEFROSTER, FRT",$15.19, INYECCIÓN
84511-M7000WK,MOBIS,HOUSING-GLOVE BOX WK,$32.76, INYECCIÓN
86545-M7510,MOBIS,"PIECE-AIR DUCT NO.1, LH (OPT-Paint) BDm PE", $-   , INYECCIÓN
84746-BC000,MOBIS,"PNL CTR FACIA LWR INDI(O), W/DUMMY",$2.19, INYECCIÓN
DW889-21110,MOBIS,HOUSING COVER ASSY_LH  NQ5a,$15.59, INYECCIÓN
86595-M7510,MOBIS,"MOLDING-FR BUMPER, LH (OPT-Paint) BDm EP INY",$6.30, INYECCIÓN
BQM92-138000,MOBIS,"BRACKET-FASCIA-OUTBOARD, LH",$1.60, INYECCIÓN
84534-BC100,MOBIS,DOOR-PASSENGER AIR BAG,$39.70, INYECCIÓN
84512-M7000WK,MOBIS,COVER-GLOVE BOX WK,$18.09, INYECCIÓN
84732-M7000WK,MOBIS,BEZEL-GLOVE BOX LH WK,$0.71, INYECCIÓN
6126368C2,NAVISTAR,PANEL FULL, $-   , INYECCIÓN
86529-M7800INY,MOBIS,MOULDING FR BUMPER L/PLATE (BDmPE)INY,$2.26, INYECCIÓN
BC848-51010,MOBIS,SHROUND- COLUMNA, $-   , INYECCIÓN
R1569-40010,MOBIS,MOUNTING PLATE ASSY,$12.80, INYECCIÓN
97351-BC000,MOBIS,"NOZZLE-DEFROSTER, FRT",$15.19, INYECCIÓN
86593-M7500,MOBIS,"MOLDING ASSY-FR BUMPER, LH (STD-EMBO)",$8.96, INYECCIÓN
97384-BC000,MOBIS,"NOZZLE-SIDE DEFROSTER, LH",$0.74, INYECCIÓN
84731-M7000WK,MOBIS,PNL-CRASH PAD CTR LWR (-SSB) WK,$42.89, INYECCIÓN
BC921-62010,MOBIS,"HOUSING - STD, LH",$28.52, INYECCIÓN
86582-BC000,MOBIS,HOLDER-FR ULTRASONIC NO.2,$0.29, INYECCIÓN
84731-M7000WK,MOBIS,PNL-CRASH PAD CTR LWR (-SSB) WK,$45.00, INYECCIÓN
6126379C2,NAVISTAR,"HANDLE, GRAB, COVER, LH",$6.26, INYECCIÓN
84512-M7000WK,MOBIS,COVER-GLOVE BOX WK,$18.39, INYECCIÓN
84751-BC000,MOBIS,"PNL-CRASH PAD LWR, LH",$15.71, INYECCIÓN
BQM92-162300,MOBIS,"HOUSING, CENTER",$40.48, INYECCIÓN
86663-M7FA0,MOBIS,"COVER-RR FOG LAMP,LH (OPT-PAINT) BDmPE",$7.74, INYECCIÓN
6126377C1,NAVISTAR,"HANDLE, GRAB, BASE, LH  NAV0004M BLACK",$15.45, INYECCIÓN
84732-M7000WK,MOBIS,BEZEL-GLOVE BOX LH WK,$0.71, INYECCIÓN
DW889-21110,MOBIS,HOUSING COVER ASSY_LH  NQ5a,$15.29, INYECCIÓN
010955-02/00,MOBIS,Cushion PL Cover RH 4W Seat LH,$16.16, INYECCIÓN
86593-M7500,MOBIS,"MOLDING ASSY-FR BUMPER, LH (STD-EMBO)",$8.86, INYECCIÓN
6126368C2,NAVISTAR,PANEL FULL, $-   , INYECCIÓN
86588-M7500,MOBIS,CAP-FR BUMPER TOWING BDm PE,$0.28, INYECCIÓN
M4921-40030,MOBIS,BRKT - DUST COVER - DESIPAK[90],$0.35, INYECCIÓN
84512-BC010,MOBIS,COVER-GLOVE BOX,$14.58, INYECCIÓN
BC921-62030,MOBIS,"HOUSING - OPT, LH",$30.33, INYECCIÓN
84511-M7000WK,MOBIS,HOUSING-GLOVE BOX WK,$32.95, INYECCIÓN
1ZU15TRMAB,DUCATO,COVER LT FRONT SEAT RT,$18.62, INYECCIÓN
97384-BC000,MOBIS,"NOZZLE-SIDE DEFROSTER, LH",$0.74, INYECCIÓN
DW889-21110,MOBIS,HOUSING COVER ASSY_LH  NQ5a,$15.29, INYECCIÓN
010955-02/00,MOBIS,Cushion PL Cover RH 4W Seat LH,$16.16, INYECCIÓN
BQM92-162300,MOBIS,"HOUSING, CENTER",$40.48, INYECCIÓN
R1569-40010,MOBIS,MOUNTING PLATE ASSY,$12.80, INYECCIÓN
BC921-15010,MOBIS,"BUMPER GUIDE BRKT - FRT, LH",$2.57, INYECCIÓN
84853-BC100,MOBIS,SHROUD-S/CLMN LWR(ESCL),$10.31, INYECCIÓN
86663-M7FA0,MOBIS,"COVER-RR FOG LAMP,LH (OPT-PAINT) BDmPE",$7.74, INYECCIÓN
84751-BC000,MOBIS,"PNL-CRASH PAD LWR, LH",$15.71, INYECCIÓN
84511-M7000WK,MOBIS,HOUSING-GLOVE BOX WK,$32.95, INYECCIÓN
84732-M7000WK,MOBIS,BEZEL-GLOVE BOX LH WK,$0.71, INYECCIÓN
BC924-63050,MOBIS,HOUSING - RR COMIB(STD) CTR,$32.84, INYECCIÓN
86588-M7500,MOBIS,CAP-FR BUMPER TOWING BDm PE,$0.28, INYECCIÓN
84781-BC100,MOBIS,PAD-ANTINOISE,$0.17, INYECCIÓN
84512-BC010,MOBIS,COVER-GLOVE BOX,$14.58, INYECCIÓN
BC924-63100,MOBIS,"HOUSING - RR COMBI O/S, LH",$18.35, INYECCIÓN
97351-BC000,MOBIS,"NOZZLE-DEFROSTER, FRT",$15.20, INYECCIÓN
84732-M7000WK,MOBIS,BEZEL-GLOVE BOX LH WK,$0.71, INYECCIÓN
84746-BC000,MOBIS,"PNL CTR FACIA LWR INDI(O), W/DUMMY",$2.19, INYECCIÓN
6126379C2,NAVISTAR,"HANDLE, GRAB, COVER, LH",$6.26, INYECCIÓN
84791-BC000,MOBIS,GARNISH-CRASH PAD,$31.02, INYECCIÓN
3765077C1,NAVISTAR,"PANEL, DASH LWR DRVR TRIM, TILT ONLY COL N/CL",$55.64, INYECCIÓN
84511-M7010,MOBIS,"ROD-GLOVE BOX, LH",$1.51, INYECCIÓN
86663-M7FA0,MOBIS,"COVER-RR FOG LAMP,LH (OPT-PAINT) BDmPE",$7.74, INYECCIÓN
86593-M7500,MOBIS,"MOLDING ASSY-FR BUMPER, LH (STD-EMBO)",$8.86, INYECCIÓN
010956-02/00,MOBIS,Cushion PL Cover LH 4W Seat RH,$14.88, INYECCIÓN
84853-BC100,MOBIS,SHROUD-S/CLMN LWR(ESCL),$10.31, INYECCIÓN
DW889-21110,MOBIS,HOUSING COVER ASSY_LH  NQ5a,$15.29, INYECCIÓN
84512-BC010,MOBIS,COVER-GLOVE BOX,$14.58, INYECCIÓN
84761-BC010,MOBIS,PNL-CRASH PAD LWR,$49.55, INYECCIÓN
R1924-65050,MOBIS,BRACKET I/S (LPL&S/W&CAM) INY,$5.27, INYECCIÓN
BC924-88000,MOBIS,"GARNISH - RR COMBI(STD) CTR, LH",$2.81, INYECCIÓN
84731-M7000WK,MOBIS,PNL-CRASH PAD CTR LWR (-SSB) WK,$45.03, INYECCIÓN
97384-BC000,MOBIS,"NOZZLE-SIDE DEFROSTER, LH",$0.74, INYECCIÓN
BC848-51010,MOBIS,SHROUND- COLUMNA, $-   , INYECCIÓN
84731-M7000WK,MOBIS,PNL-CRASH PAD CTR LWR (-SSB) WK,$45.03, INYECCIÓN
6126377C1,NAVISTAR,"HANDLE, GRAB, BASE, LH  NAV0004M BLACK",$15.45, INYECCIÓN
84761-BC010,MOBIS,PNL-CRASH PAD LWR,$49.55, INYECCIÓN
84513-BC010,MOBIS,KNOB-GLOVE BOX,$1.72, INYECCIÓN
84512-M7000WK,MOBIS,COVER-GLOVE BOX WK,$18.41, INYECCIÓN
R1569-40010,MOBIS,MOUNTING PLATE ASSY,$12.80, INYECCIÓN
DW889-21110,MOBIS,HOUSING COVER ASSY_LH  NQ5a,$15.29, INYECCIÓN
BC924-64000,MOBIS,"FLANGE - RR COMBI O/S, LH",$4.93, INYECCIÓN
6126377C1,NAVISTAR,"HANDLE, GRAB, BASE, LH  NAV0004M BLACK",$15.45, INYECCIÓN
R1924-65050,MOBIS,BRACKET I/S (LPL&S/W&CAM) INY,$5.27, INYECCIÓN
R1569-40010,MOBIS,MOUNTING PLATE ASSY,$12.80, INYECCIÓN
84511-M7010,MOBIS,"ROD-GLOVE BOX, LH",$1.51, INYECCIÓN
84716-BC000,MOBIS,"BRKT-CRASH PAD SUPT, LH",$1.34, INYECCIÓN
BC848-51010,MOBIS,SHROUND- COLUMNA, $-   , INYECCIÓN
6126379C2,NAVISTAR,"HANDLE, GRAB, COVER, LH",$6.26, INYECCIÓN
97351-BC000,MOBIS,"NOZZLE-DEFROSTER, FRT",$15.20, INYECCIÓN
84512-M7010WK,MOBIS,KNOB-GL/BOX WK,$1.55, INYECCIÓN
84512-M7000WK,MOBIS,COVER-GLOVE BOX WK,$18.41, INYECCIÓN
BC924-63020,MOBIS,"HSG - RR COMBI STD O/S, LH",$18.86, INYECCIÓN
6126379C2,NAVISTAR,"HANDLE, GRAB, COVER, LH",$6.26, INYECCIÓN
84853-BC100,MOBIS,SHROUD-S/CLMN LWR(ESCL),$10.31, INYECCIÓN
97351-BC000,MOBIS,"NOZZLE-DEFROSTER, FRT",$15.20, INYECCIÓN
84511-M7000WK,MOBIS,HOUSING-GLOVE BOX WK,$32.95, INYECCIÓN
84511-M7020,MOBIS,"ROD-GLOVE BOX, RH",$1.28, INYECCIÓN
BC924-64000,MOBIS,"FLANGE - RR COMBI O/S, LH",$4.93, INYECCIÓN
BC924-88000,MOBIS,"GARNISH - RR COMBI(STD) CTR, LH",$2.81, INYECCIÓN
84511-M7000WK,MOBIS,HOUSING-GLOVE BOX WK,$32.95, INYECCIÓN
6121232C1,NAVISTAR,"SUPPORT, CAB EXTENDER MTG, LOWER LH",$30.65, INYECCIÓN
R1569-40010,MOBIS,MOUNTING PLATE ASSY,$12.80, INYECCIÓN
DW889-21110,MOBIS,HOUSING COVER ASSY_LH  NQ5a,$15.29, INYECCIÓN
84534-BC100,MOBIS,DOOR-PASSENGER AIR BAG,$39.97, INYECCIÓN
84731-M7000WK,MOBIS,PNL-CRASH PAD CTR LWR (-SSB) WK,$45.03, INYECCIÓN
R1924-65050,MOBIS,BRACKET I/S (LPL&S/W&CAM) INY,$5.27, INYECCIÓN
84716-BC000,MOBIS,"BRKT-CRASH PAD SUPT, LH",$1.34, INYECCIÓN
BC848-51010,MOBIS,SHROUND- COLUMNA, $-   , INYECCIÓN
86588-M7500,MOBIS,CAP-FR BUMPER TOWING BDm PE,$0.28, INYECCIÓN
6126368C2,NAVISTAR,PANEL FULL, $-   , INYECCIÓN
84716-BC000,MOBIS,"BRKT-CRASH PAD SUPT, LH",$1.34, INYECCIÓN
86663-M7EA0,MOBIS,"COVER-RR FOG LAMP,LH (STD-EMBO) BDmPE",$6.94, INYECCIÓN
BC921-68450,MOBIS,"BRACKET - LWR MTG, LH",$3.09, INYECCIÓN
1ZU15TRMAB,DUCATO,COVER LT FRONT SEAT RT,$18.62, INYECCIÓN
6126368C2,NAVISTAR,PANEL FULL, $-   , INYECCIÓN
84853-BC000,MOBIS,SHROUD-S/CLMN LWR(MSCL),$10.26, INYECCIÓN
R1569-40010,MOBIS,MOUNTING PLATE ASSY,$12.80, INYECCIÓN
DW889-21110,MOBIS,HOUSING COVER ASSY_LH  NQ5a,$15.29, INYECCIÓN
BC921-15010,MOBIS,"BUMPER GUIDE BRKT - FRT, LH",$2.57, INYECCIÓN
BC924-88000,MOBIS,"GARNISH - RR COMBI(STD) CTR, LH",$2.81, INYECCIÓN
R1924-65050,MOBIS,BRACKET I/S (LPL&S/W&CAM) INY,$5.27, INYECCIÓN
3765077C1,NAVISTAR,"PANEL, DASH LWR DRVR TRIM, TILT ONLY COL N/CL",$55.64, INYECCIÓN
84511-M7020,MOBIS,"ROD-GLOVE BOX, RH",$1.28, INYECCIÓN
84511-M7010,MOBIS,"ROD-GLOVE BOX, LH",$1.51, INYECCIÓN
84751-BC000,MOBIS,"PNL-CRASH PAD LWR, LH",$15.71, INYECCIÓN
84511-BC010,MOBIS,HOUSING-GLOVE BOX,$30.59, INYECCIÓN
84512-M7010WK,MOBIS,KNOB-GL/BOX WK,$1.55, INYECCIÓN
84512-M7000WK,MOBIS,COVER-GLOVE BOX WK,$18.41, INYECCIÓN
84534-BC100,MOBIS,DOOR-PASSENGER AIR BAG,$39.97, INYECCIÓN
BC924-63020,MOBIS,"HSG - RR COMBI STD O/S, LH",$18.86, INYECCIÓN
97351-BC000,MOBIS,"NOZZLE-DEFROSTER, FRT",$15.20, INYECCIÓN
BC921-68110,MOBIS,"BRKT - AIMG LINK, LH",$2.62, INYECCIÓN
84731-M7100WK,MOBIS,PNL-CRASH PAD CTR LWR (+SSB) WK,$43.83, INYECCIÓN
BQM92-162100,MOBIS,"HOUSING, LH",$30.49, INYECCIÓN
3765077C1,NAVISTAR,"PANEL, DASH LWR DRVR TRIM, TILT ONLY COL N/CL",$55.66, INYECCIÓN
84761-BC020,MOBIS,BEZEL-G/BOX LH,$0.58, INYECCIÓN
BC924-63050,MOBIS,HOUSING - RR COMIB(STD) CTR,$32.84, INYECCIÓN
86663-M7EA0,MOBIS,"COVER-RR FOG LAMP,LH (STD-EMBO) BDmPE",$6.94, INYECCIÓN
84511-M7010,MOBIS,"ROD-GLOVE BOX, LH",$1.51, INYECCIÓN
BC924-63020,MOBIS,"HSG - RR COMBI STD O/S, LH",$18.86, INYECCIÓN
84512-BC010,MOBIS,COVER-GLOVE BOX,$14.58, INYECCIÓN
86593-M7500,MOBIS,"MOLDING ASSY-FR BUMPER, LH (STD-EMBO)",$8.86, INYECCIÓN
84534-BC100,MOBIS,DOOR-PASSENGER AIR BAG,$39.97, INYECCIÓN
84511-M7000WK,MOBIS,HOUSING-GLOVE BOX WK,$32.95, INYECCIÓN
BX921-46090,MOBIS,BASEPLATE-LINK BRKT LH,$3.39, INYECCIÓN
R1924-65050,MOBIS,BRACKET I/S (LPL&S/W&CAM) INY,$5.27, INYECCIÓN
84511-M7020,MOBIS,"ROD-GLOVE BOX, RH",$1.28, INYECCIÓN
BC921-15010,MOBIS,"BUMPER GUIDE BRKT - FRT, LH",$2.57, INYECCIÓN
BC924-88000,MOBIS,"GARNISH - RR COMBI(STD) CTR, LH",$2.81, INYECCIÓN
84731-M7100WK,MOBIS,PNL-CRASH PAD CTR LWR (+SSB) WK,$43.83, INYECCIÓN
010955-02/00,MOBIS,Cushion PL Cover RH 4W Seat LH,$16.16, INYECCIÓN
R1569-40010,MOBIS,MOUNTING PLATE ASSY,$12.75, INYECCIÓN
1ZU14TRMAA,DUCATO,COVERT RT FRONT SEAT RT W/O HEATED (FA00AAH46061),$19.37, INYECCIÓN
1ZU15TRMAB,DUCATO,COVER LT FRONT SEAT RT,$18.62, INYECCIÓN
84512-M7000WK,MOBIS,COVER-GLOVE BOX WK,$18.41, INYECCIÓN
84761-BC020,MOBIS,BEZEL-G/BOX LH,$0.58, INYECCIÓN
84511-BC010,MOBIS,HOUSING-GLOVE BOX,$30.59, INYECCIÓN
84761-BC020,MOBIS,BEZEL-G/BOX LH,$0.58, INYECCIÓN
84512-M7000WK,MOBIS,COVER-GLOVE BOX WK,$18.41, INYECCIÓN
84534-BC100,MOBIS,DOOR-PASSENGER AIR BAG,$39.97, INYECCIÓN
BC924-63050,MOBIS,HOUSING - RR COMIB(STD) CTR,$32.84, INYECCIÓN
84511-M7020,MOBIS,"ROD-GLOVE BOX, RH",$1.28, INYECCIÓN
84511-M7010,MOBIS,"ROD-GLOVE BOX, LH",$1.51, INYECCIÓN
84751-BC000,MOBIS,"PNL-CRASH PAD LWR, LH",$15.71, INYECCIÓN
86663-M7FA0,MOBIS,"COVER-RR FOG LAMP,LH (OPT-PAINT) BDmPE",$7.74, INYECCIÓN
BC921-68450,MOBIS,"BRACKET - LWR MTG, LH",$3.09, INYECCIÓN
1ZU15TRMAB,DUCATO,COVER LT FRONT SEAT RT,$18.62, INYECCIÓN
6126368C2,NAVISTAR,PANEL FULL, $-   , INYECCIÓN
R1569-40010,MOBIS,MOUNTING PLATE ASSY,$12.75, INYECCIÓN
86593-M7500,MOBIS,"MOLDING ASSY-FR BUMPER, LH (STD-EMBO)",$8.86, INYECCIÓN
BC921-15010,MOBIS,"BUMPER GUIDE BRKT - FRT, LH",$2.57, INYECCIÓN
BC924-64000,MOBIS,"FLANGE - RR COMBI O/S, LH",$4.93, INYECCIÓN
3765077C1,NAVISTAR,"PANEL, DASH LWR DRVR TRIM, TILT ONLY COL N/CL",$55.66, INYECCIÓN
84511-M7020,MOBIS,"ROD-GLOVE BOX, RH",$1.27, INYECCIÓN
1ZU14TRMAA,DUCATO,COVERT RT FRONT SEAT RT W/O HEATED (FA00AAH46061),$19.37, INYECCIÓN
1ZU15TRMAB,DUCATO,COVER LT FRONT SEAT RT,$18.62, INYECCIÓN
84534-BC100,MOBIS,DOOR-PASSENGER AIR BAG,$40.41, INYECCIÓN
84791-BC000,MOBIS,GARNISH-CRASH PAD,$30.91, INYECCIÓN
BC921-22030,MOBIS,"BEZEL - UPR - STD, LH",$1.11, INYECCIÓN
86593-M7500,MOBIS,"MOLDING ASSY-FR BUMPER, LH (STD-EMBO)",$8.86, INYECCIÓN
84853-BC000,MOBIS,SHROUD-S/CLMN LWR(MSCL),$10.26, INYECCIÓN
86663-M7FA0,MOBIS,"COVER-RR FOG LAMP,LH (OPT-PAINT) BDmPE",$7.74, INYECCIÓN
010956-02/00,MOBIS,Cushion PL Cover LH 4W Seat RH,$14.88, INYECCIÓN
84853-BC000,MOBIS,SHROUD-S/CLMN LWR(MSCL),$10.26, INYECCIÓN
BC924-64000,MOBIS,"FLANGE - RR COMBI O/S, LH",$4.93, INYECCIÓN
CW889-21110,MOBIS,"HOUSING COVER,LH",$11.80, INYECCIÓN
84761-BC010,MOBIS,PNL-CRASH PAD LWR,$49.55, INYECCIÓN
BC921-15010,MOBIS,"BUMPER GUIDE BRKT - FRT, LH",$2.57, INYECCIÓN
84851-BC020,MOBIS,PLATE-SHROUD UPR,$0.76, INYECCIÓN
BC924-63050,MOBIS,HOUSING - RR COMIB(STD) CTR,$32.81, INYECCIÓN
84511-M7020,MOBIS,"ROD-GLOVE BOX, RH",$1.27, INYECCIÓN
84731-M7100WK,MOBIS,PNL-CRASH PAD CTR LWR (+SSB) WK,$46.13, INYECCIÓN
86593-M7500,MOBIS,"MOLDING ASSY-FR BUMPER, LH (STD-EMBO)",$8.86, INYECCIÓN
BC921-68450,MOBIS,"BRACKET - LWR MTG, LH",$3.09, INYECCIÓN
84732-M7000WK,MOBIS,BEZEL-GLOVE BOX LH WK,$0.71, INYECCIÓN
84731-M7100WK,MOBIS,PNL-CRASH PAD CTR LWR (+SSB) WK,$46.13, INYECCIÓN
BC921-46110,MOBIS,"BASE PLATE - OPT, LH",$15.06, INYECCIÓN
R1569-40010,MOBIS,MOUNTING PLATE ASSY,$12.75, INYECCIÓN
84791-BC000,MOBIS,GARNISH-CRASH PAD,$30.91, INYECCIÓN
84761-BC010,MOBIS,PNL-CRASH PAD LWR,$49.55, INYECCIÓN
BC921-22030,MOBIS,"BEZEL - UPR - STD, LH",$1.11, INYECCIÓN
84731-M7100WK,MOBIS,PNL-CRASH PAD CTR LWR (+SSB) WK,$46.13, INYECCIÓN
BC848-51010,MOBIS,SHROUND- COLUMNA, $-   , INYECCIÓN
84761-BC010,MOBIS,PNL-CRASH PAD LWR,$49.55, INYECCIÓN
3765077C1,NAVISTAR,"PANEL, DASH LWR DRVR TRIM, TILT ONLY COL N/CL",$55.66, INYECCIÓN
84534-BC100,MOBIS,DOOR-PASSENGER AIR BAG,$40.41, INYECCIÓN
BC921-68010,MOBIS,"BRACKET - AIMING GUIDE - STD, LH",$2.12, INYECCIÓN
6126368C2,NAVISTAR,PANEL FULL, $-   , INYECCIÓN
3765077C1,NAVISTAR,"PANEL, DASH LWR DRVR TRIM, TILT ONLY COL N/CL",$55.66, INYECCIÓN
6126365C2,NAVISTAR,"PANEL, LOWER SUBSTRATE, LH",$69.93, INYECCIÓN
84731-M7000WK,MOBIS,PNL-CRASH PAD CTR LWR (-SSB) WK,$45.14, INYECCIÓN
DW889-21110,MOBIS,HOUSING COVER ASSY_LH  NQ5a,$15.46, INYECCIÓN
84534-BC100,MOBIS,DOOR-PASSENGER AIR BAG,$40.41, INYECCIÓN
CW889-21110,MOBIS,"HOUSING COVER,LH",$11.80, INYECCIÓN
6126379C2,NAVISTAR,"HANDLE, GRAB, COVER, LH",$6.26, INYECCIÓN
6126369C2,NAVISTAR,"PANEL, UPPER DOOR TRIM", $-   , INYECCIÓN
84791-BC000,MOBIS,GARNISH-CRASH PAD,$30.91, INYECCIÓN
BC921-62010,MOBIS,"HOUSING - STD, LH",$28.52, INYECCIÓN
84512-M7000WK,MOBIS,COVER-GLOVE BOX WK,$18.43, INYECCIÓN
BC921-22030,MOBIS,"BEZEL - UPR - STD, LH",$1.11, INYECCIÓN
97351-BC000,MOBIS,"NOZZLE-DEFROSTER, FRT",$15.20, INYECCIÓN
84511-BC010,MOBIS,HOUSING-GLOVE BOX,$30.59, INYECCIÓN
84751-BC000,MOBIS,"PNL-CRASH PAD LWR, LH",$15.71, INYECCIÓN
84512-BC010,MOBIS,COVER-GLOVE BOX,$14.58, INYECCIÓN
6126368C2,NAVISTAR,PANEL FULL, $-   , INYECCIÓN
BC924-64020,MOBIS,"FLANGE - RR COMBI O/S, LH",$5.19, INYECCIÓN
84732-M7000WK,MOBIS,BEZEL-GLOVE BOX LH WK,$0.71, INYECCIÓN
CW889-21110,MOBIS,"HOUSING COVER,LH",$11.80, INYECCIÓN
84534-BC100,MOBIS,DOOR-PASSENGER AIR BAG,$40.41, INYECCIÓN
BC924-63100,MOBIS,"HOUSING - RR COMBI O/S, LH",$18.35, INYECCIÓN
R1569-40010,MOBIS,MOUNTING PLATE ASSY,$12.75, INYECCIÓN
BC924-64020,MOBIS,"FLANGE - RR COMBI O/S, LH",$5.19, INYECCIÓN
84511-BC010,MOBIS,HOUSING-GLOVE BOX,$30.59, INYECCIÓN
1ZU17TRMAA,DUCATO,Connector BRKT´s Seats  (FA00AAH46038),$4.34, INYECCIÓN
86545-M7510,MOBIS,"PIECE-AIR DUCT NO.1, LH (OPT-Paint) BDm PE", $-   , INYECCIÓN
BC921-68050,MOBIS,"BRACKET - AIMG GUIDE - STD - N HLLD, LH",$2.47, INYECCIÓN
84512-M7000WK,MOBIS,COVER-GLOVE BOX WK,$18.43, INYECCIÓN
6126379C2,NAVISTAR,"HANDLE, GRAB, COVER, LH",$6.26, INYECCIÓN
M4921-22010,MOBIS,"HOUSING - STD, LH",$21.61, INYECCIÓN
R1569-40010,MOBIS,MOUNTING PLATE ASSY,$12.71, INYECCIÓN
86593-M7500,MOBIS,"MOLDING ASSY-FR BUMPER, LH (STD-EMBO)",$8.85, INYECCIÓN
86663-M7FA0,MOBIS,"COVER-RR FOG LAMP,LH (OPT-PAINT) BDmPE",$7.74, INYECCIÓN
86663-M7EA0,MOBIS,"COVER-RR FOG LAMP,LH (STD-EMBO) BDmPE",$6.95, INYECCIÓN
R1924-65710,MOBIS,DUMMY COVER CTR GARNISH (CAM) INY,$7.44, INYECCIÓN
84731-M7000WK,MOBIS,PNL-CRASH PAD CTR LWR (-SSB) WK,$45.14, INYECCIÓN
86588-M7500,MOBIS,CAP-FR BUMPER TOWING BDm PE,$0.28, INYECCIÓN
84512-M7000WK,MOBIS,COVER-GLOVE BOX WK,$18.43, INYECCIÓN
84851-BC000,MOBIS,COVER-CLUSTER LWR,$0.74, INYECCIÓN
84513-BC010,MOBIS,KNOB-GLOVE BOX,$1.71, INYECCIÓN
84746-BC000,MOBIS,"PNL CTR FACIA LWR INDI(O), W/DUMMY",$2.19, INYECCIÓN
84853-BC100,MOBIS,SHROUD-S/CLMN LWR(ESCL),$10.31, INYECCIÓN
BC924-63020,MOBIS,"HSG - RR COMBI STD O/S, LH",$18.86, INYECCIÓN
97351-BC000,MOBIS,"NOZZLE-DEFROSTER, FRT",$15.20, INYECCIÓN
84512-BC010,MOBIS,COVER-GLOVE BOX,$14.58, INYECCIÓN
BQM92-464300,MOBIS,FLANGE-CENTER LH,$1.48, INYECCIÓN
BC924-65000,MOBIS,"BRACKET ASSY - DESICCANT(CYLINDER, 10G)",$3.22, INYECCIÓN
84751-BC000,MOBIS,"PNL-CRASH PAD LWR, LH",$15.71, INYECCIÓN
84511-M7000WK,MOBIS,HOUSING-GLOVE BOX WK,$33.05, INYECCIÓN
84732-M7000WK,MOBIS,BEZEL-GLOVE BOX LH WK,$0.71, INYECCIÓN
BC924-63100,MOBIS,"HOUSING - RR COMBI O/S, LH",$18.35, INYECCIÓN
97351-BC000,MOBIS,"NOZZLE-DEFROSTER, FRT",$15.20, INYECCIÓN
84534-BC100,MOBIS,DOOR-PASSENGER AIR BAG,$40.41, INYECCIÓN
CW889-21110,MOBIS,"HOUSING COVER,LH",$11.94, INYECCIÓN
84512-BC010,MOBIS,COVER-GLOVE BOX,$14.58, INYECCIÓN
86663-M7EA0,MOBIS,"COVER-RR FOG LAMP,LH (STD-EMBO) BDmPE",$6.95, INYECCIÓN
DW889-21110,MOBIS,HOUSING COVER ASSY_LH  NQ5a,$15.85, INYECCIÓN
84731-M7000WK,MOBIS,PNL-CRASH PAD CTR LWR (-SSB) WK,$45.14, INYECCIÓN
R1569-40010,MOBIS,MOUNTING PLATE ASSY,$12.71, INYECCIÓN
BC921-22030,MOBIS,"BEZEL - UPR - STD, LH",$465.59, INYECCIÓN
86545-M7510,MOBIS,"PIECE-AIR DUCT NO.1, LH (OPT-Paint) BDm PE", $-   , INYECCIÓN
84511-M7000WK,MOBIS,HOUSING-GLOVE BOX WK,$33.05, INYECCIÓN
84851-BC000,MOBIS,COVER-CLUSTER LWR,$0.74, INYECCIÓN
84512-M7000WK,MOBIS,COVER-GLOVE BOX WK,$18.43, INYECCIÓN
BC921-68010,MOBIS,"BRACKET - AIMING GUIDE - STD, LH",$2.16, INYECCIÓN
84512-M7000WK,MOBIS,COVER-GLOVE BOX WK,$18.43, INYECCIÓN
84511-BC010,MOBIS,HOUSING-GLOVE BOX,$30.59, INYECCIÓN
R1569-40010,MOBIS,MOUNTING PLATE ASSY,$12.70, INYECCIÓN
86595-M7510,MOBIS,"MOLDING-FR BUMPER, LH (OPT-Paint) BDm EP INY",$6.30, INYECCIÓN
BC848-51010,MOBIS,SHROUND- COLUMNA, $-   , INYECCIÓN
R1924-65700,MOBIS,DUMMY COVER- CTR GARNISH (NO CAM) INY,$7.64, INYECCIÓN
BX924-63050,MOBIS,"HSG (OPT), O/S LH",$28.36, INYECCIÓN
84513-BC010,MOBIS,KNOB-GLOVE BOX,$1.71, INYECCIÓN
CW889-21110,MOBIS,"HOUSING COVER,LH",$11.94, INYECCIÓN
84534-BC100,MOBIS,DOOR-PASSENGER AIR BAG,$40.41, INYECCIÓN
BC924-63020,MOBIS,"HSG - RR COMBI STD O/S, LH",$18.86, INYECCIÓN
97351-BC000,MOBIS,"NOZZLE-DEFROSTER, FRT",$15.20, INYECCIÓN
86663-M7EA0,MOBIS,"COVER-RR FOG LAMP,LH (STD-EMBO) BDmPE",$6.95, INYECCIÓN
86529-M7800INY,MOBIS,MOULDING FR BUMPER L/PLATE (BDmPE)INY,$2.29, INYECCIÓN
84751-BC000,MOBIS,"PNL-CRASH PAD LWR, LH",$15.71, INYECCIÓN
84511-M7000WK,MOBIS,HOUSING-GLOVE BOX WK,$33.05, INYECCIÓN
84853-BC100,MOBIS,SHROUD-S/CLMN LWR(ESCL),$10.31, INYECCIÓN
84746-BC000,MOBIS,"PNL CTR FACIA LWR INDI(O), W/DUMMY",$2.19, INYECCIÓN
BC924-63020,MOBIS,"HSG - RR COMBI STD O/S, LH",$18.86, INYECCIÓN
84512-M7000WK,MOBIS,COVER-GLOVE BOX WK,$18.43, INYECCIÓN
84511-M7000WK,MOBIS,HOUSING-GLOVE BOX WK,$33.05, INYECCIÓN
84751-BC000,MOBIS,"PNL-CRASH PAD LWR, LH",$15.71, INYECCIÓN
86663-M7EA0,MOBIS,"COVER-RR FOG LAMP,LH (STD-EMBO) BDmPE",$6.95, INYECCIÓN
84731-M7000WK,MOBIS,PNL-CRASH PAD CTR LWR (-SSB) WK,$45.14, INYECCIÓN
86529-M7800INY,MOBIS,MOULDING FR BUMPER L/PLATE (BDmPE)INY,$2.29, INYECCIÓN
R1924-65710,MOBIS,DUMMY COVER CTR GARNISH (CAM) INY,$7.44, INYECCIÓN
BC848-51010,MOBIS,SHROUND- COLUMNA, $-   , INYECCIÓN
86593-M7500,MOBIS,"MOLDING ASSY-FR BUMPER, LH (STD-EMBO)",$8.85, INYECCIÓN
97351-BC000,MOBIS,"NOZZLE-DEFROSTER, FRT",$15.20, INYECCIÓN
84511-BC020,MOBIS,ROD-GLOVE BOX LH,$1.56, INYECCIÓN
84511-BC020,MOBIS,ROD-GLOVE BOX LH,$1.56, INYECCIÓN
86545-M7510,MOBIS,"PIECE-AIR DUCT NO.1, LH (OPT-Paint) BDm PE", $-   , INYECCIÓN
84781-BC100,MOBIS,PAD-ANTINOISE,$0.17, INYECCIÓN
84751-BC000,MOBIS,"PNL-CRASH PAD LWR, LH",$15.71, INYECCIÓN
BX921-63010,MOBIS,"HOUSING SUB ASSY-STD NON HLLD, LH",$58.05, INYECCIÓN
R1569-40010,MOBIS,MOUNTING PLATE ASSY,$12.70, INYECCIÓN
M4921-40030,MOBIS,BRKT - DUST COVER - DESIPAK[90],$0.64, INYECCIÓN
CW889-21110,MOBIS,"HOUSING COVER,LH",$12.00, INYECCIÓN
84534-BC100,MOBIS,DOOR-PASSENGER AIR BAG,$40.53, INYECCIÓN
BC924-63050,MOBIS,HOUSING - RR COMIB(STD) CTR,$32.74, INYECCIÓN
97351-BC000,MOBIS,"NOZZLE-DEFROSTER, FRT",$15.20, INYECCIÓN
86595-M7510,MOBIS,"MOLDING-FR BUMPER, LH (OPT-Paint) BDm EP INY",$6.30, INYECCIÓN
84512-M7000,MOBIS,COVER-GLOVE BOXINY,$17.76, INYECCIÓN
84511-BC010,MOBIS,HOUSING-GLOVE BOX,$30.59, INYECCIÓN
H9921-23120,MOBIS,"MTG BRKT-FEM, RH",$2.45, INYECCIÓN
97384-BC000,MOBIS,"NOZZLE-SIDE DEFROSTER, LH",$0.74, INYECCIÓN
97384-BC000,MOBIS,"NOZZLE-SIDE DEFROSTER, LH",$0.74, INYECCIÓN
84512-M7000WK,MOBIS,COVER-GLOVE BOX WK,$18.44, INYECCIÓN
BQM92-463300,MOBIS,"HOUSING, ALL VERSIONS",$63.24, INYECCIÓN
CW889-21110INY,MOBIS,HOUSING COVER INYECTADA_LH,$11.32, INYECCIÓN
BC924-63060,MOBIS,HOUSING - RR COMIB(STD) CTR,$32.47, INYECCIÓN
97351-BC000,MOBIS,"NOZZLE-DEFROSTER, FRT",$15.20,INYECCION
86596-M7510,MOBIS,"MOLDING-FR BUMPER, RH (OPT-Paint)  BDm EP INY",$6.70, INYECCIÓN
84853-BC100,MOBIS,SHROUD-S/CLMN LWR(ESCL),$10.31, INYECCIÓN
84512-M7010WK,MOBIS,KNOB-GL/BOX WK,$1.55, INYECCIÓN
84732-M7000WK,MOBIS,BEZEL-GLOVE BOX LH WK,$0.71, INYECCIÓN
R1569-40010,MOBIS,MOUNTING PLATE ASSY,$12.70, INYECCIÓN
84751-BC000,MOBIS,"PNL-CRASH PAD LWR, LH",$15.71, INYECCIÓN
BX924-63050,MOBIS,"HSG (OPT), O/S LH",$28.35, INYECCIÓN
BC921-68410,MOBIS,"BRACKET - FENDER MTG, LH",$4.79, INYECCIÓN
84785-BC000WK,MOBIS,"COVER ASSY-CRASH PAD SD MTG, RH",$5.49, INYECCIÓN
84511-M7000WK,MOBIS,HOUSING-GLOVE BOX WK,$31.93, INYECCIÓN
86529-M7800INY,MOBIS,MOULDING FR BUMPER L/PLATE (BDmPE)INY,$2.29, INYECCIÓN
84511-BC020,MOBIS,ROD-GLOVE BOX LH,$1.56, INYECCIÓN
84534-BC100,MOBIS,DOOR-PASSENGER AIR BAG,$40.55, INYECCIÓN
86595-M7510,MOBIS,"MOLDING-FR BUMPER, LH (OPT-Paint) BDm EP INY",$6.30,INYECCION
97351-BC000,MOBIS,"NOZZLE-DEFROSTER, FRT",$15.20,INYECCION
BC924-63100,MOBIS,"HOUSING - RR COMBI O/S, LH",$18.35, INYECCIÓN
86593-M7500,MOBIS,"MOLDING ASSY-FR BUMPER, LH (STD-EMBO)",$8.85, INYECCIÓN
86663-M7EA0,MOBIS,"COVER-RR FOG LAMP,LH (STD-EMBO) BDmPE",$7.04,INYECCION
84751-BC000,MOBIS,"PNL-CRASH PAD LWR, LH",$15.71, INYECCIÓN
84791-BC000,MOBIS,GARNISH-CRASH PAD,$30.91, INYECCIÓN
CW889-21110,MOBIS,"HOUSING COVER,LH",$12.00, INYECCIÓN
84731-M7000WK,MOBIS,PNL-CRASH PAD CTR LWR (-SSB) WK,$45.14, INYECCIÓN
BC848-51010,MOBIS,SHROUND- COLUMNA, $-   , INYECCIÓN
BX924-63010,MOBIS,"HSG (STD),O/S LH",$27.25, INYECCIÓN
R1569-40010,MOBIS,MOUNTING PLATE ASSY,$12.70, INYECCIÓN
84534-BC100,MOBIS,DOOR-PASSENGER AIR BAG,$40.56, INYECCIÓN
BC924-63050,MOBIS,HOUSING - RR COMIB(STD) CTR,$32.74, INYECCIÓN
97351-BC000,MOBIS,"NOZZLE-DEFROSTER, FRT",$15.20, INYECCIÓN
84512-BC010,MOBIS,COVER-GLOVE BOX,$11.38, INYECCIÓN
86663-M7EA0,MOBIS,"COVER-RR FOG LAMP,LH (STD-EMBO) BDmPE",$7.04, INYECCIÓN
84746-BC000,MOBIS,"PNL CTR FACIA LWR INDI(O), W/DUMMY",$2.25, INYECCIÓN
R1924-65700,MOBIS,DUMMY COVER- CTR GARNISH (NO CAM) INY,$7.64, INYECCIÓN
BQM92-463100,MOBIS,HOUSING-O/S LH,$18.10, INYECCIÓN
86588-M7500,MOBIS,CAP-FR BUMPER TOWING BDm PE,$0.28, INYECCIÓN
84511-M7000WK,MOBIS,HOUSING-GLOVE BOX WK,$30.39, INYECCIÓN
84761-BC010,MOBIS,PNL-CRASH PAD LWR,$38.57, INYECCIÓN
CW889-21110,MOBIS,"HOUSING COVER,LH",$12.00, INYECCIÓN
97351-BC000,MOBIS,"NOZZLE-DEFROSTER, FRT",$15.20, INYECCIÓN
84512-BC010,MOBIS,COVER-GLOVE BOX,$11.38, INYECCIÓN
BC924-69000,MOBIS,"COVER - RR COMBI(STD, SWITCH) CTR",$0.90, INYECCIÓN
BC924-63050,MOBIS,HOUSING - RR COMIB(STD) CTR,$32.74, INYECCIÓN
84534-BC100,MOBIS,DOOR-PASSENGER AIR BAG,$40.56, INYECCIÓN
84515-J0000TRY,MOBIS,"BEZEL-GL/BOX, LH TRY",$0.66, INYECCIÓN
R1569-40010,MOBIS,MOUNTING PLATE ASSY,$12.69, INYECCIÓN
BC921-15030,MOBIS,"BUMPER GUIDE BRKT - SIDE, LH",$1.13, INYECCIÓN
84791-BC000,MOBIS,GARNISH-CRASH PAD,$30.91, INYECCIÓN
BC924-63050,MOBIS,HOUSING - RR COMIB(STD) CTR,$32.74, INYECCIÓN
97384-BC000,MOBIS,"NOZZLE-SIDE DEFROSTER, LH",$0.74, INYECCIÓN
84512-M7000WK,MOBIS,COVER-GLOVE BOX WK,$18.31, INYECCIÓN
BC921-22030,MOBIS,"BEZEL - UPR - STD, LH",$1.15, INYECCIÓN
84731-M7000WK,MOBIS,PNL-CRASH PAD CTR LWR (-SSB) WK,$33.36, INYECCIÓN
84534-H9020,MOBIS,DR AIR BAG White USA,$61.78, INYECCIÓN
84512-M7000WK,MOBIS,COVER-GLOVE BOX WK,$18.31, INYECCIÓN
84512-M7010WK,MOBIS,KNOB-GL/BOX WK,$1.55, INYECCIÓN
BX921-15010,MOBIS,"BUMPER GUIDE BRKT, LH",$1.82, INYECCIÓN
DW889-21110,MOBIS,HOUSING COVER ASSY_LH  NQ5a,$15.88, INYECCIÓN
86588-M7500,MOBIS,CAP-FR BUMPER TOWING BDm PE,$0.28, INYECCIÓN
BC921-68450,MOBIS,"BRACKET - LWR MTG, LH",$3.09, INYECCIÓN
R1569-40010,MOBIS,MOUNTING PLATE ASSY,$12.69, INYECCIÓN
84732-M7000WK,MOBIS,BEZEL-GLOVE BOX LH WK,$0.71, INYECCIÓN
M4924-03230,MOBIS,"HSG  - I/S, LH",$11.38, INYECCIÓN
R1569-40010,MOBIS,MOUNTING PLATE ASSY,$12.69, INYECCIÓN
DW889-21110,MOBIS,HOUSING COVER ASSY_LH  NQ5a,$15.88, INYECCIÓN
BC921-68410,MOBIS,"BRACKET - FENDER MTG, LH",$4.79, INYECCIÓN
84731-M7000WK,MOBIS,PNL-CRASH PAD CTR LWR (-SSB) WK,$33.36, INYECCIÓN
BX921-15010,MOBIS,"BUMPER GUIDE BRKT, LH",$1.82, INYECCIÓN
84512-M7000WK,MOBIS,COVER-GLOVE BOX WK,$18.31, INYECCIÓN
84511-M7000WK,MOBIS,HOUSING-GLOVE BOX WK,$30.39, INYECCIÓN
010956-02/00,MOBIS,Cushion PL Cover LH 4W Seat RH,$15.83, INYECCIÓN
86595-M7510,MOBIS,"MOLDING-FR BUMPER, LH (OPT-Paint) BDm EP INY",$6.30, INYECCIÓN
97351-BC000,MOBIS,"NOZZLE-DEFROSTER, FRT",$15.20, INYECCIÓN
BC924-63050,MOBIS,HOUSING - RR COMIB(STD) CTR,$32.74, INYECCIÓN
84732-M7000WK,MOBIS,BEZEL-GLOVE BOX LH WK,$0.71, INYECCIÓN
CW889-21110,MOBIS,"HOUSING COVER,LH",$12.00, INYECCIÓN
84534-BC100,MOBIS,DOOR-PASSENGER AIR BAG,$40.56, INYECCIÓN
86663-M7EA0,MOBIS,"COVER-RR FOG LAMP,LH (STD-EMBO) BDmPE",$7.04, INYECCIÓN
86588-M7500,MOBIS,CAP-FR BUMPER TOWING BDm PE,$0.28, INYECCIÓN
BC921-22030,MOBIS,"BEZEL - UPR - STD, LH",$1.15, INYECCIÓN
84512-M7000WK,MOBIS,COVER-GLOVE BOX WK,$18.31, INYECCIÓN
R1569-40010,MOBIS,MOUNTING PLATE ASSY,$12.69, INYECCIÓN
DW889-21110,MOBIS,HOUSING COVER ASSY_LH  NQ5a,$15.88, INYECCIÓN
BC921-68410,MOBIS,"BRACKET - FENDER MTG, LH",$4.79, INYECCIÓN
BC924-64000,MOBIS,"FLANGE - RR COMBI O/S, LH",$4.93, INYECCIÓN
84731-M7000WK,MOBIS,PNL-CRASH PAD CTR LWR (-SSB) WK,$33.36, INYECCIÓN
BC921-62010,MOBIS,"HOUSING - STD, LH",$29.68, INYECCIÓN
84732-M7000WK,MOBIS,BEZEL-GLOVE BOX LH WK,$0.71, INYECCIÓN
CW889-21110,MOBIS,"HOUSING COVER,LH",$12.00, INYECCIÓN
4157608C2,MOBIS,"PANEL, LEVEL DIAMOND LH BOLSTER ASSY, LH NAV8962N LH DK NEUTRAL (Hyundai-EP color: 7447)",$75.52, INYECCIÓN
BC924-63050,MOBIS,HOUSING - RR COMIB(STD) CTR,$32.74, INYECCIÓN
97351-BC000,MOBIS,"NOZZLE-DEFROSTER, FRT",$15.20, INYECCIÓN
84512-BC010,MOBIS,COVER-GLOVE BOX,$11.38, INYECCIÓN
BC921-62030,MOBIS,"HOUSING - OPT, LH",$30.52, INYECCIÓN
BC921-15030,MOBIS,"BUMPER GUIDE BRKT - SIDE, LH",$1.13, INYECCIÓN
BC924-88000,MOBIS,"GARNISH - RR COMBI(STD) CTR, LH",$2.81, INYECCIÓN
86588-M7500,MOBIS,CAP-FR BUMPER TOWING BDm PE,$0.28, INYECCIÓN
84511-M7000WK,MOBIS,HOUSING-GLOVE BOX WK,$30.39, INYECCIÓN
84511-M7000WK,MOBIS,HOUSING-GLOVE BOX WK,$30.39, INYECCIÓN
BC921-62030,MOBIS,"HOUSING - OPT, LH",$30.52, INYECCIÓN
86663-M7EA0,MOBIS,"COVER-RR FOG LAMP,LH (STD-EMBO) BDmPE",$7.04, INYECCIÓN
BX921-15010,MOBIS,"BUMPER GUIDE BRKT, LH",$1.82, INYECCIÓN
84751-BC000,MOBIS,"PNL-CRASH PAD LWR, LH",$12.15, INYECCIÓN
86663-M7FA0,MOBIS,"COVER-RR FOG LAMP,LH (OPT-PAINT) BDmPE",$7.74, INYECCIÓN
84512-M7010WK,MOBIS,KNOB-GL/BOX WK,$1.55, INYECCIÓN
CW889-21110,MOBIS,"HOUSING COVER,LH",$12.00, INYECCIÓN
BX921-64030,MOBIS,"HOUSING-STD HLLD, LH",$28.52, INYECCIÓN
84761-BC010,MOBIS,PNL-CRASH PAD LWR,$38.57, INYECCIÓN
R1569-40010,MOBIS,MOUNTING PLATE ASSY,$12.69, INYECCIÓN
BC924-88000,MOBIS,"GARNISH - RR COMBI(STD) CTR, LH",$2.81, INYECCIÓN
84731-M7100WK,MOBIS,PNL-CRASH PAD CTR LWR (+SSB) WK,$42.42, INYECCIÓN
97351-BC000,MOBIS,"NOZZLE-DEFROSTER, FRT",$15.20, INYECCIÓN
86545-M7510,MOBIS,"PIECE-AIR DUCT NO.1, LH (OPT-Paint) BDm PE", $-   , INYECCIÓN
BC924-65000,MOBIS,"BRACKET ASSY - DESICCANT(CYLINDER, 10G)",$3.21, INYECCIÓN
86545-M7510,MOBIS,"PIECE-AIR DUCT NO.1, LH (OPT-Paint) BDm PE", $-   , INYECCIÓN
84761-BC010,MOBIS,PNL-CRASH PAD LWR,$38.57, INYECCIÓN
R1569-40010,MOBIS,MOUNTING PLATE ASSY,$12.69, INYECCIÓN
DW889-21110,MOBIS,HOUSING COVER ASSY_LH  NQ5a,$15.88, INYECCIÓN
84731-M7100WK,MOBIS,PNL-CRASH PAD CTR LWR (+SSB) WK,$42.42, INYECCIÓN
86588-M7500,MOBIS,CAP-FR BUMPER TOWING BDm PE,$0.28, INYECCIÓN
010955-02/00,MOBIS,Cushion PL Cover RH 4W Seat LH,$16.48, INYECCIÓN
BX921-15010,MOBIS,"BUMPER GUIDE BRKT, LH",$1.82, INYECCIÓN
86663-M7EA0,MOBIS,"COVER-RR FOG LAMP,LH (STD-EMBO) BDmPE",$7.04, INYECCIÓN
84791-BC000,MOBIS,GARNISH-CRASH PAD,$30.91, INYECCIÓN
84534-BC100,MOBIS,DOOR-PASSENGER AIR BAG,$40.56, INYECCIÓN
BC924-63100,MOBIS,"HOUSING - RR COMBI O/S, LH",$18.35, INYECCIÓN
BC921-62010,MOBIS,"HOUSING - STD, LH",$29.68, INYECCIÓN
BX921-64030,MOBIS,"HOUSING-STD HLLD, LH",$28.52, INYECCIÓN
84732-M7000WK,MOBIS,BEZEL-GLOVE BOX LH WK,$0.71, INYECCIÓN
CW889-21110,MOBIS,"HOUSING COVER,LH",$12.00, INYECCIÓN
86663-M7FA0,MOBIS,"COVER-RR FOG LAMP,LH (OPT-PAINT) BDmPE",$7.74, INYECCIÓN
DW889-21110,MOBIS,HOUSING COVER ASSY_LH  NQ5a,$15.88, INYECCIÓN
BC924-88000,MOBIS,"GARNISH - RR COMBI(STD) CTR, LH",$2.81, INYECCIÓN
84716-BC000,MOBIS,"BRKT-CRASH PAD SUPT, LH",$1.34, INYECCIÓN
R1569-40010,MOBIS,MOUNTING PLATE ASSY,$12.69, INYECCIÓN
BC921-62030,MOBIS,"HOUSING - OPT, LH",$30.52, INYECCIÓN
CW889-21110,MOBIS,"HOUSING COVER,LH",$12.12, INYECCIÓN
BC848-51010,MOBIS,SHROUND- COLUMNA, $-   , INYECCIÓN
BC924-65000,MOBIS,"BRACKET ASSY - DESICCANT(CYLINDER, 10G)",$3.21, INYECCIÓN
86663-M7EA0,MOBIS,"COVER-RR FOG LAMP,LH (STD-EMBO) BDmPE",$7.50, INYECCIÓN
84534-BC100,MOBIS,DOOR-PASSENGER AIR BAG,$40.58, INYECCIÓN
BC924-63060,MOBIS,HOUSING - RR COMIB(STD) CTR,$32.25, INYECCIÓN
84512-M7010WK,MOBIS,KNOB-GL/BOX WK,$1.55, INYECCIÓN
84512-M7000WK,MOBIS,COVER-GLOVE BOX WK,$18.31, INYECCIÓN
010955-02/00,MOBIS,Cushion PL Cover RH 4W Seat LH,$16.23, INYECCIÓN
BX921-15010,MOBIS,"BUMPER GUIDE BRKT, LH",$1.82, INYECCIÓN
84751-BC000,MOBIS,"PNL-CRASH PAD LWR, LH",$12.14, INYECCIÓN
97351-BC000,MOBIS,"NOZZLE-DEFROSTER, FRT",$15.20, INYECCIÓN
86663-M7FA0,MOBIS,"COVER-RR FOG LAMP,LH (OPT-PAINT) BDmPE",$7.74, INYECCIÓN
BX921-64030,MOBIS,"HOUSING-STD HLLD, LH",$28.50, INYECCIÓN
BC924-63050,MOBIS,HOUSING - RR COMIB(STD) CTR,$32.51, INYECCIÓN
BC924-63050,MOBIS,HOUSING - RR COMIB(STD) CTR,$32.51, INYECCIÓN
84751-BC000,MOBIS,"PNL-CRASH PAD LWR, LH",$12.14, INYECCIÓN
97351-BC000,MOBIS,"NOZZLE-DEFROSTER, FRT",$15.20, INYECCIÓN
BC921-68450,MOBIS,"BRACKET - LWR MTG, LH",$3.09, INYECCIÓN
BC924-64000,MOBIS,"FLANGE - RR COMBI O/S, LH",$4.93, INYECCIÓN
BC921-62030,MOBIS,"HOUSING - OPT, LH",$30.52, INYECCIÓN
BX921-64030,MOBIS,"HOUSING-STD HLLD, LH",$28.50, INYECCIÓN
BC924-65000,MOBIS,"BRACKET ASSY - DESICCANT(CYLINDER, 10G)",$3.21, INYECCIÓN
84512-M7000WK,MOBIS,COVER-GLOVE BOX WK,$18.31, INYECCIÓN
84761-BC020,MOBIS,BEZEL-G/BOX LH,$0.58, INYECCIÓN
BX924-63010,MOBIS,"HSG (STD),O/S LH",$27.25, INYECCIÓN
84511-M7000WK,MOBIS,HOUSING-GLOVE BOX WK,$31.03, INYECCIÓN
CW889-21110,MOBIS,"HOUSING COVER,LH",$12.12, INYECCIÓN
84534-BC100,MOBIS,DOOR-PASSENGER AIR BAG,$40.58, INYECCIÓN
R1569-40010,MOBIS,MOUNTING PLATE ASSY,$12.69, INYECCIÓN
BC924-63050,MOBIS,HOUSING - RR COMIB(STD) CTR,$32.51, INYECCIÓN
84761-BC030,MOBIS,BEZEL-G/BOX RH,$0.61, INYECCIÓN
84534-BC100,MOBIS,DOOR-PASSENGER AIR BAG,$40.58, INYECCIÓN
84751-BC000,MOBIS,"PNL-CRASH PAD LWR, LH",$12.14, INYECCIÓN
BX924-63010,MOBIS,"HSG (STD),O/S LH",$27.25, INYECCIÓN
CW889-21110,MOBIS,"HOUSING COVER,LH",$12.12, INYECCIÓN
97351-BC000,MOBIS,"NOZZLE-DEFROSTER, FRT",$15.20, INYECCIÓN
BC921-68450,MOBIS,"BRACKET - LWR MTG, LH",$3.09, INYECCIÓN
BC848-51010,MOBIS,SHROUND- COLUMNA, $-   , INYECCIÓN
R1569-40010,MOBIS,MOUNTING PLATE ASSY,$12.69, INYECCIÓN
BC924-88000,MOBIS,"GARNISH - RR COMBI(STD) CTR, LH",$2.81, INYECCIÓN
84511-M7000WK,MOBIS,HOUSING-GLOVE BOX WK,$31.03, INYECCIÓN
BC921-62030,MOBIS,"HOUSING - OPT, LH",$30.52, INYECCIÓN
84512-M7000WK,MOBIS,COVER-GLOVE BOX WK,$18.31, INYECCIÓN
BC924-63050,MOBIS,HOUSING - RR COMIB(STD) CTR,$32.51, INYECCIÓN
BX921-64030,MOBIS,"HOUSING-STD HLLD, LH",$28.50, INYECCIÓN
BC924-65000,MOBIS,"BRACKET ASSY - DESICCANT(CYLINDER, 10G)",$3.21, INYECCIÓN
84716-BC000,MOBIS,"BRKT-CRASH PAD SUPT, LH",$1.34, INYECCIÓN
BC921-62030,MOBIS,"HOUSING - OPT, LH",$30.52, INYECCIÓN
84751-BC000,MOBIS,"PNL-CRASH PAD LWR, LH",$12.14, INYECCIÓN
97384-BC000,MOBIS,"NOZZLE-SIDE DEFROSTER, LH",$0.74, INYECCIÓN
84534-BC100,MOBIS,DOOR-PASSENGER AIR BAG,$40.58, INYECCIÓN
84731-M7100WK,MOBIS,PNL-CRASH PAD CTR LWR (+SSB) WK,$42.45, INYECCIÓN
84511-BC020,MOBIS,ROD-GLOVE BOX LH,$1.56, INYECCIÓN
86545-M7510,MOBIS,"PIECE-AIR DUCT NO.1, LH (OPT-Paint) BDm PE", $-   , INYECCIÓN
84761-BC010,MOBIS,PNL-CRASH PAD LWR,$38.57, INYECCIÓN
R1569-40010,MOBIS,MOUNTING PLATE ASSY,$12.69, INYECCIÓN
BC924-64020,MOBIS,"FLANGE - RR COMBI O/S, LH",$5.15, INYECCIÓN
BC921-15030,MOBIS,"BUMPER GUIDE BRKT - SIDE, LH",$1.13, INYECCIÓN
86595-M7510,MOBIS,"MOLDING-FR BUMPER, LH (OPT-Paint) BDm EP INY",$6.30, INYECCIÓN
BC924-63020,MOBIS,"HSG - RR COMBI STD O/S, LH",$18.51, INYECCIÓN
CW889-21110,MOBIS,"HOUSING COVER,LH",$12.12, INYECCIÓN
BC924-69000,MOBIS,"COVER - RR COMBI(STD, SWITCH) CTR",$0.90, INYECCIÓN
BX921-64030,MOBIS,"HOUSING-STD HLLD, LH",$28.50, INYECCIÓN
97351-BC000,MOBIS,"NOZZLE-DEFROSTER, FRT",$15.20, INYECCIÓN
84791-BC000,MOBIS,GARNISH-CRASH PAD,$30.91, INYECCIÓN
86682-M7EA0,MOBIS,HOLDER-RR ULTRASONIC NO.2 BDm PE,$0.29, INYECCIÓN
86593-M7500,MOBIS,"MOLDING ASSY-FR BUMPER, LH (STD-EMBO)",$8.85, INYECCIÓN
86681-M7EA0,MOBIS,HOLDER-RR ULTRASONIC NO.1 BDm PE,$0.30, INYECCIÓN
BC924-64000,MOBIS,"FLANGE - RR COMBI O/S, LH",$4.93, INYECCIÓN
